matchID,matchDateTime,timeZoneID,leagueId,leagueName,leagueSeason,leagueShortcut,matchDateTimeUTC,group,team1,team2,lastUpdateDateTime,matchIsFinished,matchResults,goals,location,numberOfViewers
67255,2023-07-20T09:00:00,W. Europe Standard Time,4640,FIFA Women´s World Cup 2023,2023,wwc,2023-07-20T07:00:00Z,"{'groupName': 'Group Matches 1', 'groupOrderID': 1, 'groupID': 42195}","{'teamId': 6031, 'teamName': 'Neuseeland Frauen', 'shortName': 'NZL', 'teamIconUrl': 'http://upload.wikimedia.org/wikipedia/commons/thumb/3/3e/Flag_of_New_Zealand.svg/20px-Flag_of_New_Zealand.svg.png', 'teamGroupName': None}","{'teamId': 6032, 'teamName': 'Norwegen Frauen', 'shortName': 'NOR', 'teamIconUrl': 'https://upload.wikimedia.org/wikipedia/commons/d/d9/Flag_of_Norway.svg', 'teamGroupName': None}",2023-10-05T22:12:25.33,True,"[{'resultID': 103096, 'resultName': 'Halbzeit', 'pointsTeam1': 0, 'pointsTeam2': 0, 'resultOrderID': 1, 'resultTypeID': 1, 'resultDescription': None}, {'resultID': 103094, 'resultName': 'Endergebnis', 'pointsTeam1': 1, 'pointsTeam2': 0, 'resultOrderID': 2, 'resultTypeID': 2, 'resultDescription': 'result after regular time'}]","[{'goalID': 102009, 'scoreTeam1': 1, 'scoreTeam2': 0, 'matchMinute': 48, 'goalGetterID': 2085, 'goalGetterName': '', 'isPenalty': False, 'isOwnGoal': False, 'isOvertime': False, 'comment': None}]",,
67256,2023-07-20T12:00:00,W. Europe Standard Time,4640,FIFA Women´s World Cup 2023,2023,wwc,2023-07-20T10:00:00Z,"{'groupName': 'Group Matches 1', 'groupOrderID': 1, 'groupID': 42195}","{'teamId': 6035, 'teamName': 'Australien Frauen', 'shortName': 'AUS', 'teamIconUrl': 'http://upload.wikimedia.org/wikipedia/commons/thumb/b/b9/Flag_of_Australia.svg/20px-Flag_of_Australia.svg.png', 'teamGroupName': None}","{'teamId': 6038, 'teamName': 'Irland Frauen', 'shortName': 'IRL', 'teamIconUrl': 'http://upload.wikimedia.org/wikipedia/commons/thumb/4/45/Flag_of_Ireland.svg/23px-Flag_of_Ireland.svg.png', 'teamGroupName': None}",2023-10-05T22:12:25.467,True,"[{'resultID': 103097, 'resultName': 'Halbzeit', 'pointsTeam1': 0, 'pointsTeam2': 0, 'resultOrderID': 1, 'resultTypeID': 1, 'resultDescription': None}, {'resultID': 103095, 'resultName': 'Endergebnis', 'pointsTeam1': 1, 'pointsTeam2': 0, 'resultOrderID': 2, 'resultTypeID': 2, 'resultDescription': 'result after regular time'}]","[{'goalID': 102010, 'scoreTeam1': 1, 'scoreTeam2': 0, 'matchMinute': 52, 'goalGetterID': 20109, 'goalGetterName': '', 'isPenalty': True, 'isOwnGoal': False, 'isOvertime': False, 'comment': None}]",,
67257,2023-07-21T04:30:00,W. Europe Standard Time,4640,FIFA Women´s World Cup 2023,2023,wwc,2023-07-21T02:30:00Z,"{'groupName': 'Group Matches 1', 'groupOrderID': 1, 'groupID': 42195}","{'teamId': 6037, 'teamName': 'Nigeria Frauen', 'shortName': 'NIG', 'teamIconUrl': 'http://upload.wikimedia.org/wikipedia/commons/thumb/7/79/Flag_of_Nigeria.svg/20px-Flag_of_Nigeria.svg.png', 'teamGroupName': None}","{'teamId': 6036, 'teamName': 'Kanada Frauen', 'shortName': 'CAN', 'teamIconUrl': 'https://cdn.pixabay.com/photo/2012/04/23/16/18/flag-38776_960_720.png', 'teamGroupName': None}",2023-10-05T22:12:25.44,True,"[{'resultID': 103099, 'resultName': 'Halbzeit', 'pointsTeam1': 0, 'pointsTeam2': 0, 'resultOrderID': 1, 'resultTypeID': 1, 'resultDescription': None}, {'resultID': 103098, 'resultName': 'Endergebnis', 'pointsTeam1': 0, 'pointsTeam2': 0, 'resultOrderID': 2, 'resultTypeID': 2, 'resultDescription': 'result after regular time'}]",[],,
67258,2023-07-21T07:30:00,W. Europe Standard Time,4640,FIFA Women´s World Cup 2023,2023,wwc,2023-07-21T05:30:00Z,"{'groupName': 'Group Matches 1', 'groupOrderID': 1, 'groupID': 42195}","{'teamId': 6033, 'teamName': 'Philippinen Frauen', 'shortName': 'PHI', 'teamIconUrl': 'https://upload.wikimedia.org/wikipedia/commons/thumb/9/99/Flag_of_the_Philippines.svg/18px-Flag_of_the_Philippines.svg.png', 'teamGroupName': None}","{'teamId': 6034, 'teamName': 'Schweiz Frauen', 'shortName': 'CHE', 'teamIconUrl': 'https://upload.wikimedia.org/wikipedia/commons/thumb/9/92/Civil_Ensign_of_Switzerland_%28Pantone%29.svg/23px-Civil_Ensign_of_Switzerland_%28Pantone%29.svg.png', 'teamGroupName': None}",2023-10-05T22:12:25.383,True,"[{'resultID': 103101, 'resultName': 'Halbzeit', 'pointsTeam1': 0, 'pointsTeam2': 1, 'resultOrderID': 1, 'resultTypeID': 1, 'resultDescription': None}, {'resultID': 103100, 'resultName': 'Endergebnis', 'pointsTeam1': 0, 'pointsTeam2': 2, 'resultOrderID': 2, 'resultTypeID': 2, 'resultDescription': 'result after regular time'}]","[{'goalID': 102015, 'scoreTeam1': 0, 'scoreTeam2': 1, 'matchMinute': 45, 'goalGetterID': 15101, 'goalGetterName': '', 'isPenalty': False, 'isOwnGoal': False, 'isOvertime': False, 'comment': None}, {'goalID': 102016, 'scoreTeam1': 0, 'scoreTeam2': 2, 'matchMinute': 64, 'goalGetterID': 20110, 'goalGetterName': '', 'isPenalty': False, 'isOwnGoal': False, 'isOvertime': False, 'comment': None}]",,
67259,2023-07-21T09:30:00,W. Europe Standard Time,4640,FIFA Women´s World Cup 2023,2023,wwc,2023-07-21T07:30:00Z,"{'groupName': 'Group Matches 1', 'groupOrderID': 1, 'groupID': 42195}","{'teamId': 6057, 'teamName': 'Spanien Frauen', 'shortName': 'ESP', 'teamIconUrl': 'https://upload.wikimedia.org/wikipedia/commons/thumb/9/9a/Flag_of_Spain.svg/20px-Flag_of_Spain.svg.png', 'teamGroupName': None}","{'teamId': 6043, 'teamName': 'Costa Rica Frauen', 'shortName': 'CRC', 'teamIconUrl': 'http://upload.wikimedia.org/wikipedia/commons/thumb/f/f2/Flag_of_Costa_Rica.svg/20px-Flag_of_Costa_Rica.svg.png', 'teamGroupName': None}",2023-10-05T22:12:25.89,True,"[{'resultID': 103103, 'resultName': 'Halbzeit', 'pointsTeam1': 3, 'pointsTeam2': 0, 'resultOrderID': 1, 'resultTypeID': 1, 'resultDescription': None}, {'resultID': 103102, 'resultName': 'Endergebnis', 'pointsTeam1': 3, 'pointsTeam2': 0, 'resultOrderID': 2, 'resultTypeID': 2, 'resultDescription': 'result after regular time'}]","[{'goalID': 102017, 'scoreTeam1': 1, 'scoreTeam2': 0, 'matchMinute': 21, 'goalGetterID': 20112, 'goalGetterName': '', 'isPenalty': False, 'isOwnGoal': True, 'isOvertime': False, 'comment': None}, {'goalID': 102018, 'scoreTeam1': 2, 'scoreTeam2': 0, 'matchMinute': 23, 'goalGetterID': 20113, 'goalGetterName': '', 'isPenalty': False, 'isOwnGoal': False, 'isOvertime': False, 'comment': None}, {'goalID': 102019, 'scoreTeam1': 3, 'scoreTeam2': 0, 'matchMinute': 27, 'goalGetterID': 20114, 'goalGetterName': '', 'isPenalty': False, 'isOwnGoal': False, 'isOvertime': False, 'comment': None}]",,
67296,2023-07-22T03:00:00,W. Europe Standard Time,4640,FIFA Women´s World Cup 2023,2023,wwc,2023-07-22T01:00:00Z,"{'groupName': 'Group Matches 1', 'groupOrderID': 1, 'groupID': 42195}","{'teamId': 6059, 'teamName': 'USA Frauen', 'shortName': 'USA', 'teamIconUrl': 'http://upload.wikimedia.org/wikipedia/commons/thumb/a/a4/Flag_of_the_United_States.svg/20px-Flag_of_the_United_States.svg.png', 'teamGroupName': None}","{'teamId': 6060, 'teamName': 'Vietnam Frauen', 'shortName': 'VIE', 'teamIconUrl': 'https://upload.wikimedia.org/wikipedia/commons/thumb/2/21/Flag_of_Vietnam.svg/20px-Flag_of_Vietnam.svg.png', 'teamGroupName': None}",2023-10-05T22:12:25.993,True,"[{'resultID': 103105, 'resultName': 'Halbzeit', 'pointsTeam1': 2, 'pointsTeam2': 0, 'resultOrderID': 1, 'resultTypeID': 1, 'resultDescription': None}, {'resultID': 103104, 'resultName': 'Endergebnis', 'pointsTeam1': 3, 'pointsTeam2': 0, 'resultOrderID': 2, 'resultTypeID': 2, 'resultDescription': 'result after regular time'}]","[{'goalID': 102020, 'scoreTeam1': 1, 'scoreTeam2': 0, 'matchMinute': None, 'goalGetterID': 0, 'goalGetterName': '', 'isPenalty': False, 'isOwnGoal': False, 'isOvertime': False, 'comment': None}, {'goalID': 102021, 'scoreTeam1': 2, 'scoreTeam2': 0, 'matchMinute': None, 'goalGetterID': 0, 'goalGetterName': '', 'isPenalty': False, 'isOwnGoal': False, 'isOvertime': False, 'comment': None}, {'goalID': 102022, 'scoreTeam1': 3, 'scoreTeam2': 0, 'matchMinute': None, 'goalGetterID': 0, 'goalGetterName': '', 'isPenalty': False, 'isOwnGoal': False, 'isOvertime': False, 'comment': None}]",,
67297,2023-07-22T09:00:00,W. Europe Standard Time,4640,FIFA Women´s World Cup 2023,2023,wwc,2023-07-22T07:00:00Z,"{'groupName': 'Group Matches 1', 'groupOrderID': 1, 'groupID': 42195}","{'teamId': 6061, 'teamName': 'Sambia Frauen', 'shortName': 'ZAM', 'teamIconUrl': 'https://api.fifa.com/api/v3/picture/flags-sq-4/ZAM', 'teamGroupName': None}","{'teamId': 6050, 'teamName': 'Japan Frauen', 'shortName': 'JPN', 'teamIconUrl': 'http://upload.wikimedia.org/wikipedia/commons/thumb/9/9e/Flag_of_Japan.svg/20px-Flag_of_Japan.svg.png', 'teamGroupName': None}",2023-10-05T22:12:26.007,True,"[{'resultID': 103107, 'resultName': 'Halbzeit', 'pointsTeam1': 0, 'pointsTeam2': 1, 'resultOrderID': 1, 'resultTypeID': 1, 'resultDescription': None}, {'resultID': 103106, 'resultName': 'Endergebnis', 'pointsTeam1': 0, 'pointsTeam2': 5, 'resultOrderID': 2, 'resultTypeID': 2, 'resultDescription': 'result after regular time'}]","[{'goalID': 102023, 'scoreTeam1': 0, 'scoreTeam2': 1, 'matchMinute': None, 'goalGetterID': 0, 'goalGetterName': '', 'isPenalty': False, 'isOwnGoal': False, 'isOvertime': False, 'comment': None}, {'goalID': 102025, 'scoreTeam1': 0, 'scoreTeam2': 2, 'matchMinute': None, 'goalGetterID': 0, 'goalGetterName': '', 'isPenalty': False, 'isOwnGoal': False, 'isOvertime': False, 'comment': None}, {'goalID': 102026, 'scoreTeam1': 0, 'scoreTeam2': 3, 'matchMinute': None, 'goalGetterID': 0, 'goalGetterName': '', 'isPenalty': False, 'isOwnGoal': False, 'isOvertime': False, 'comment': None}, {'goalID': 102027, 'scoreTeam1': 0, 'scoreTeam2': 4, 'matchMinute': None, 'goalGetterID': 0, 'goalGetterName': '', 'isPenalty': False, 'isOwnGoal': False, 'isOvertime': False, 'comment': None}, {'goalID': 102028, 'scoreTeam1': 0, 'scoreTeam2': 5, 'matchMinute': None, 'goalGetterID': 0, 'goalGetterName': '', 'isPenalty': False, 'isOwnGoal': False, 'isOvertime': False, 'comment': None}]",,
67298,2023-07-22T11:30:00,W. Europe Standard Time,4640,FIFA Women´s World Cup 2023,2023,wwc,2023-07-22T09:30:00Z,"{'groupName': 'Group Matches 1', 'groupOrderID': 1, 'groupID': 42195}","{'teamId': 6045, 'teamName': 'England Frauen', 'shortName': 'ENG', 'teamIconUrl': 'https://img.uefa.com/imgml/flags/50x50/ENG.png', 'teamGroupName': None}","{'teamId': 6047, 'teamName': 'Haiti Frauen', 'shortName': 'HAI', 'teamIconUrl': 'https://api.fifa.com/api/v3/picture/flags-sq-4/HAI', 'teamGroupName': None}",2023-10-05T22:12:25.657,True,"[{'resultID': 103109, 'resultName': 'Halbzeit', 'pointsTeam1': 1, 'pointsTeam2': 0, 'resultOrderID': 1, 'resultTypeID': 1, 'resultDescription': None}, {'resultID': 103108, 'resultName': 'Endergebnis', 'pointsTeam1': 1, 'pointsTeam2': 0, 'resultOrderID': 2, 'resultTypeID': 2, 'resultDescription': 'result after regular time'}]","[{'goalID': 102029, 'scoreTeam1': 1, 'scoreTeam2': 0, 'matchMinute': None, 'goalGetterID': 0, 'goalGetterName': '', 'isPenalty': False, 'isOwnGoal': False, 'isOvertime': False, 'comment': None}]",,
67299,2023-07-22T14:00:00,W. Europe Standard Time,4640,FIFA Women´s World Cup 2023,2023,wwc,2023-07-22T12:00:00Z,"{'groupName': 'Group Matches 1', 'groupOrderID': 1, 'groupID': 42195}","{'teamId': 6044, 'teamName': 'Dänemark Frauen', 'shortName': 'DNK', 'teamIconUrl': 'https://upload.wikimedia.org/wikipedia/commons/thumb/9/9c/Flag_of_Denmark.svg/20px-Flag_of_Denmark.svg.png', 'teamGroupName': None}","{'teamId': 6041, 'teamName': 'China Frauen', 'shortName': 'CHN', 'teamIconUrl': 'https://api.fifa.com/api/v3/picture/flags-sq-4/CHN', 'teamGroupName': None}",2023-10-05T22:12:25.577,True,"[{'resultID': 103111, 'resultName': 'Halbzeit', 'pointsTeam1': 0, 'pointsTeam2': 0, 'resultOrderID': 1, 'resultTypeID': 1, 'resultDescription': None}, {'resultID': 103110, 'resultName': 'Endergebnis', 'pointsTeam1': 1, 'pointsTeam2': 0, 'resultOrderID': 2, 'resultTypeID': 2, 'resultDescription': 'result after regular time'}]","[{'goalID': 102032, 'scoreTeam1': 1, 'scoreTeam2': 0, 'matchMinute': 90, 'goalGetterID': 20111, 'goalGetterName': '', 'isPenalty': False, 'isOwnGoal': False, 'isOvertime': False, 'comment': None}]",,
67300,2023-07-23T07:00:00,W. Europe Standard Time,4640,FIFA Women´s World Cup 2023,2023,wwc,2023-07-23T05:00:00Z,"{'groupName': 'Group Matches 1', 'groupOrderID': 1, 'groupID': 42195}","{'teamId': 6058, 'teamName': 'Schweden Frauen', 'shortName': 'SWE', 'teamIconUrl': 'http://upload.wikimedia.org/wikipedia/commons/thumb/4/4c/Flag_of_Sweden.svg/200px-Flag_of_Sweden.svg.png', 'teamGroupName': None}","{'teamId': 6056, 'teamName': 'Südafrika Frauen', 'shortName': 'RSA', 'teamIconUrl': 'http://upload.wikimedia.org/wikipedia/commons/thumb/a/af/Flag_of_South_Africa.svg/20px-Flag_of_South_Africa.svg.png', 'teamGroupName': None}",2023-10-05T22:12:25.93,True,"[{'resultID': 103113, 'resultName': 'Halbzeit', 'pointsTeam1': 0, 'pointsTeam2': 0, 'resultOrderID': 1, 'resultTypeID': 1, 'resultDescription': None}, {'resultID': 103112, 'resultName': 'Endergebnis', 'pointsTeam1': 2, 'pointsTeam2': 1, 'resultOrderID': 2, 'resultTypeID': 2, 'resultDescription': 'result after regular time'}]","[{'goalID': 102033, 'scoreTeam1': 0, 'scoreTeam2': 1, 'matchMinute': None, 'goalGetterID': 0, 'goalGetterName': '', 'isPenalty': False, 'isOwnGoal': False, 'isOvertime': False, 'comment': None}, {'goalID': 102034, 'scoreTeam1': 1, 'scoreTeam2': 1, 'matchMinute': None, 'goalGetterID': 0, 'goalGetterName': '', 'isPenalty': False, 'isOwnGoal': False, 'isOvertime': False, 'comment': None}, {'goalID': 102035, 'scoreTeam1': 2, 'scoreTeam2': 1, 'matchMinute': None, 'goalGetterID': 0, 'goalGetterName': '', 'isPenalty': False, 'isOwnGoal': False, 'isOvertime': False, 'comment': None}]",,
67301,2023-07-23T09:30:00,W. Europe Standard Time,4640,FIFA Women´s World Cup 2023,2023,wwc,2023-07-23T07:30:00Z,"{'groupName': 'Group Matches 1', 'groupOrderID': 1, 'groupID': 42195}","{'teamId': 6053, 'teamName': 'Niederlande Frauen', 'shortName': 'NED', 'teamIconUrl': 'http://upload.wikimedia.org/wikipedia/commons/thumb/2/20/Flag_of_the_Netherlands.svg/20px-Flag_of_the_Netherlands.svg.png', 'teamGroupName': None}","{'teamId': 6055, 'teamName': 'Portugal Frauen', 'shortName': 'POR', 'teamIconUrl': 'http://upload.wikimedia.org/wikipedia/commons/thumb/5/5c/Flag_of_Portugal.svg/20px-Flag_of_Portugal.svg.png', 'teamGroupName': None}",2023-10-05T22:12:25.857,True,"[{'resultID': 103115, 'resultName': 'Halbzeit', 'pointsTeam1': 1, 'pointsTeam2': 0, 'resultOrderID': 1, 'resultTypeID': 1, 'resultDescription': None}, {'resultID': 103114, 'resultName': 'Endergebnis', 'pointsTeam1': 1, 'pointsTeam2': 0, 'resultOrderID': 2, 'resultTypeID': 2, 'resultDescription': 'result after regular time'}]","[{'goalID': 102036, 'scoreTeam1': 1, 'scoreTeam2': 0, 'matchMinute': None, 'goalGetterID': 0, 'goalGetterName': '', 'isPenalty': False, 'isOwnGoal': False, 'isOvertime': False, 'comment': None}]",,
67302,2023-07-23T12:00:00,W. Europe Standard Time,4640,FIFA Women´s World Cup 2023,2023,wwc,2023-07-23T10:00:00Z,"{'groupName': 'Group Matches 1', 'groupOrderID': 1, 'groupID': 42195}","{'teamId': 6046, 'teamName': 'Frankreich Frauen', 'shortName': 'FRA', 'teamIconUrl': 'http://upload.wikimedia.org/wikipedia/commons/thumb/c/c3/Flag_of_France.svg/20px-Flag_of_France.svg.png', 'teamGroupName': None}","{'teamId': 6049, 'teamName': 'Jamaika Frauen', 'shortName': 'JAM', 'teamIconUrl': 'https://api.fifa.com/api/v3/picture/flags-sq-4/JAM', 'teamGroupName': None}",2023-10-05T22:12:25.697,True,"[{'resultID': 103117, 'resultName': 'Halbzeit', 'pointsTeam1': 0, 'pointsTeam2': 0, 'resultOrderID': 1, 'resultTypeID': 1, 'resultDescription': None}, {'resultID': 103116, 'resultName': 'Endergebnis', 'pointsTeam1': 0, 'pointsTeam2': 0, 'resultOrderID': 2, 'resultTypeID': 2, 'resultDescription': 'result after regular time'}]",[],,
67303,2023-07-24T08:00:00,W. Europe Standard Time,4640,FIFA Women´s World Cup 2023,2023,wwc,2023-07-24T06:00:00Z,"{'groupName': 'Group Matches 1', 'groupOrderID': 1, 'groupID': 42195}","{'teamId': 6048, 'teamName': 'Italien Frauen', 'shortName': 'ITA', 'teamIconUrl': 'https://img.uefa.com/imgml/flags/140x140/ITA.png', 'teamGroupName': None}","{'teamId': 6039, 'teamName': 'Argentinien Frauen', 'shortName': 'ARG', 'teamIconUrl': 'http://upload.wikimedia.org/wikipedia/commons/thumb/1/1a/Flag_of_Argentina.svg/20px-Flag_of_Argentina.svg.png', 'teamGroupName': None}",2023-10-05T22:12:25.677,True,"[{'resultID': 103119, 'resultName': 'Halbzeit', 'pointsTeam1': 0, 'pointsTeam2': 0, 'resultOrderID': 1, 'resultTypeID': 1, 'resultDescription': None}, {'resultID': 103118, 'resultName': 'Endergebnis', 'pointsTeam1': 1, 'pointsTeam2': 0, 'resultOrderID': 2, 'resultTypeID': 2, 'resultDescription': 'result after regular time'}]","[{'goalID': 102037, 'scoreTeam1': 1, 'scoreTeam2': 0, 'matchMinute': 87, 'goalGetterID': 20115, 'goalGetterName': '', 'isPenalty': False, 'isOwnGoal': False, 'isOvertime': False, 'comment': None}]",,
67304,2023-07-24T10:30:00,W. Europe Standard Time,4640,FIFA Women´s World Cup 2023,2023,wwc,2023-07-24T08:30:00Z,"{'groupName': 'Group Matches 1', 'groupOrderID': 1, 'groupID': 42195}","{'teamId': 6030, 'teamName': 'Deutschland Frauen', 'shortName': 'GER', 'teamIconUrl': 'https://img.uefa.com/imgml/flags/140x140/FRG.png', 'teamGroupName': None}","{'teamId': 6052, 'teamName': 'Marokko Frauen', 'shortName': 'MAR', 'teamIconUrl': 'https://upload.wikimedia.org/wikipedia/commons/thumb/2/2c/Flag_of_Morocco.svg/20px-Flag_of_Morocco.svg.png', 'teamGroupName': None}",2023-10-05T22:12:25.773,True,"[{'resultID': 103121, 'resultName': 'Halbzeit', 'pointsTeam1': 2, 'pointsTeam2': 0, 'resultOrderID': 1, 'resultTypeID': 1, 'resultDescription': None}, {'resultID': 103120, 'resultName': 'Endergebnis', 'pointsTeam1': 6, 'pointsTeam2': 0, 'resultOrderID': 2, 'resultTypeID': 2, 'resultDescription': 'result after regular time'}]","[{'goalID': 102038, 'scoreTeam1': 1, 'scoreTeam2': 0, 'matchMinute': 11, 'goalGetterID': 15073, 'goalGetterName': '', 'isPenalty': False, 'isOwnGoal': False, 'isOvertime': False, 'comment': None}, {'goalID': 102039, 'scoreTeam1': 2, 'scoreTeam2': 0, 'matchMinute': 39, 'goalGetterID': 15073, 'goalGetterName': '', 'isPenalty': False, 'isOwnGoal': False, 'isOvertime': False, 'comment': None}, {'goalID': 102040, 'scoreTeam1': 3, 'scoreTeam2': 0, 'matchMinute': 46, 'goalGetterID': 18054, 'goalGetterName': '', 'isPenalty': False, 'isOwnGoal': False, 'isOvertime': False, 'comment': None}, {'goalID': 102041, 'scoreTeam1': 4, 'scoreTeam2': 0, 'matchMinute': 54, 'goalGetterID': 20116, 'goalGetterName': '', 'isPenalty': False, 'isOwnGoal': True, 'isOvertime': False, 'comment': None}, {'goalID': 102042, 'scoreTeam1': 5, 'scoreTeam2': 0, 'matchMinute': 79, 'goalGetterID': 20117, 'goalGetterName': '', 'isPenalty': False, 'isOwnGoal': True, 'isOvertime': False, 'comment': None}, {'goalID': 102043, 'scoreTeam1': 6, 'scoreTeam2': 0, 'matchMinute': 90, 'goalGetterID': 20118, 'goalGetterName': '', 'isPenalty': False, 'isOwnGoal': False, 'isOvertime': False, 'comment': None}]",,
67305,2023-07-24T13:00:00,W. Europe Standard Time,4640,FIFA Women´s World Cup 2023,2023,wwc,2023-07-24T11:00:00Z,"{'groupName': 'Group Matches 1', 'groupOrderID': 1, 'groupID': 42195}","{'teamId': 6040, 'teamName': 'Brasilien Frauen', 'shortName': 'BRA', 'teamIconUrl': 'http://upload.wikimedia.org/wikipedia/commons/thumb/0/05/Flag_of_Brazil.svg/20px-Flag_of_Brazil.svg.png', 'teamGroupName': None}","{'teamId': 6054, 'teamName': 'Panama Frauen', 'shortName': 'PAN', 'teamIconUrl': 'https://upload.wikimedia.org/wikipedia/commons/thumb/a/ab/Flag_of_Panama.svg/18px-Flag_of_Panama.svg.png', 'teamGroupName': None}",2023-10-05T22:12:25.833,True,"[{'resultID': 103123, 'resultName': 'Halbzeit', 'pointsTeam1': 0, 'pointsTeam2': 0, 'resultOrderID': 1, 'resultTypeID': 1, 'resultDescription': None}, {'resultID': 103122, 'resultName': 'Endergebnis', 'pointsTeam1': 4, 'pointsTeam2': 0, 'resultOrderID': 2, 'resultTypeID': 2, 'resultDescription': 'result after regular time'}]","[{'goalID': 102044, 'scoreTeam1': 1, 'scoreTeam2': 0, 'matchMinute': None, 'goalGetterID': 0, 'goalGetterName': '', 'isPenalty': False, 'isOwnGoal': False, 'isOvertime': False, 'comment': None}, {'goalID': 102045, 'scoreTeam1': 2, 'scoreTeam2': 0, 'matchMinute': None, 'goalGetterID': 0, 'goalGetterName': '', 'isPenalty': False, 'isOwnGoal': False, 'isOvertime': False, 'comment': None}, {'goalID': 102046, 'scoreTeam1': 3, 'scoreTeam2': 0, 'matchMinute': None, 'goalGetterID': 0, 'goalGetterName': '', 'isPenalty': False, 'isOwnGoal': False, 'isOvertime': False, 'comment': None}, {'goalID': 102047, 'scoreTeam1': 4, 'scoreTeam2': 0, 'matchMinute': None, 'goalGetterID': 0, 'goalGetterName': '', 'isPenalty': False, 'isOwnGoal': False, 'isOvertime': False, 'comment': None}]",,
67306,2023-07-25T04:00:00,W. Europe Standard Time,4640,FIFA Women´s World Cup 2023,2023,wwc,2023-07-25T02:00:00Z,"{'groupName': 'Group Matches 1', 'groupOrderID': 1, 'groupID': 42195}","{'teamId': 6042, 'teamName': 'Kolumbien Frauen', 'shortName': 'COL', 'teamIconUrl': 'http://upload.wikimedia.org/wikipedia/commons/thumb/2/21/Flag_of_Colombia.svg/20px-Flag_of_Colombia.svg.png', 'teamGroupName': None}","{'teamId': 6051, 'teamName': 'Südkorea Frauen', 'shortName': 'KOR', 'teamIconUrl': 'http://upload.wikimedia.org/wikipedia/commons/thumb/0/09/Flag_of_South_Korea.svg/20px-Flag_of_South_Korea.svg.png', 'teamGroupName': None}",2023-10-05T22:12:25.75,True,"[{'resultID': 103125, 'resultName': 'Halbzeit', 'pointsTeam1': 2, 'pointsTeam2': 0, 'resultOrderID': 1, 'resultTypeID': 1, 'resultDescription': None}, {'resultID': 103124, 'resultName': 'Endergebnis', 'pointsTeam1': 2, 'pointsTeam2': 0, 'resultOrderID': 2, 'resultTypeID': 2, 'resultDescription': 'result after regular time'}]","[{'goalID': 102049, 'scoreTeam1': 2, 'scoreTeam2': 0, 'matchMinute': None, 'goalGetterID': 0, 'goalGetterName': '', 'isPenalty': False, 'isOwnGoal': False, 'isOvertime': False, 'comment': None}, {'goalID': 102048, 'scoreTeam1': 1, 'scoreTeam2': 0, 'matchMinute': None, 'goalGetterID': 0, 'goalGetterName': '', 'isPenalty': False, 'isOwnGoal': False, 'isOvertime': False, 'comment': None}]",,
67307,2023-07-25T07:30:00,W. Europe Standard Time,4640,FIFA Women´s World Cup 2023,2023,wwc,2023-07-25T05:30:00Z,"{'groupName': 'Group Matches 2', 'groupOrderID': 2, 'groupID': 42196}","{'teamId': 6031, 'teamName': 'Neuseeland Frauen', 'shortName': 'NZL', 'teamIconUrl': 'http://upload.wikimedia.org/wikipedia/commons/thumb/3/3e/Flag_of_New_Zealand.svg/20px-Flag_of_New_Zealand.svg.png', 'teamGroupName': None}","{'teamId': 6033, 'teamName': 'Philippinen Frauen', 'shortName': 'PHI', 'teamIconUrl': 'https://upload.wikimedia.org/wikipedia/commons/thumb/9/99/Flag_of_the_Philippines.svg/18px-Flag_of_the_Philippines.svg.png', 'teamGroupName': None}",2023-10-05T22:12:25.357,True,"[{'resultID': 103127, 'resultName': 'Halbzeit', 'pointsTeam1': 0, 'pointsTeam2': 1, 'resultOrderID': 1, 'resultTypeID': 1, 'resultDescription': None}, {'resultID': 103126, 'resultName': 'Endergebnis', 'pointsTeam1': 0, 'pointsTeam2': 1, 'resultOrderID': 2, 'resultTypeID': 2, 'resultDescription': 'result after regular time'}]","[{'goalID': 102050, 'scoreTeam1': 0, 'scoreTeam2': 1, 'matchMinute': None, 'goalGetterID': 0, 'goalGetterName': '', 'isPenalty': False, 'isOwnGoal': False, 'isOvertime': False, 'comment': None}]",,
67308,2023-07-25T10:00:00,W. Europe Standard Time,4640,FIFA Women´s World Cup 2023,2023,wwc,2023-07-25T08:00:00Z,"{'groupName': 'Group Matches 2', 'groupOrderID': 2, 'groupID': 42196}","{'teamId': 6034, 'teamName': 'Schweiz Frauen', 'shortName': 'CHE', 'teamIconUrl': 'https://upload.wikimedia.org/wikipedia/commons/thumb/9/92/Civil_Ensign_of_Switzerland_%28Pantone%29.svg/23px-Civil_Ensign_of_Switzerland_%28Pantone%29.svg.png', 'teamGroupName': None}","{'teamId': 6032, 'teamName': 'Norwegen Frauen', 'shortName': 'NOR', 'teamIconUrl': 'https://upload.wikimedia.org/wikipedia/commons/d/d9/Flag_of_Norway.svg', 'teamGroupName': None}",2023-10-05T22:12:25.373,True,"[{'resultID': 103129, 'resultName': 'Halbzeit', 'pointsTeam1': 0, 'pointsTeam2': 0, 'resultOrderID': 1, 'resultTypeID': 1, 'resultDescription': None}, {'resultID': 103128, 'resultName': 'Endergebnis', 'pointsTeam1': 0, 'pointsTeam2': 0, 'resultOrderID': 2, 'resultTypeID': 2, 'resultDescription': 'result after regular time'}]",[],,
67309,2023-07-26T07:00:00,W. Europe Standard Time,4640,FIFA Women´s World Cup 2023,2023,wwc,2023-07-26T05:00:00Z,"{'groupName': 'Group Matches 2', 'groupOrderID': 2, 'groupID': 42196}","{'teamId': 6050, 'teamName': 'Japan Frauen', 'shortName': 'JPN', 'teamIconUrl': 'http://upload.wikimedia.org/wikipedia/commons/thumb/9/9e/Flag_of_Japan.svg/20px-Flag_of_Japan.svg.png', 'teamGroupName': None}","{'teamId': 6043, 'teamName': 'Costa Rica Frauen', 'shortName': 'CRC', 'teamIconUrl': 'http://upload.wikimedia.org/wikipedia/commons/thumb/f/f2/Flag_of_Costa_Rica.svg/20px-Flag_of_Costa_Rica.svg.png', 'teamGroupName': None}",2023-10-05T22:12:25.72,True,"[{'resultID': 103131, 'resultName': 'Halbzeit', 'pointsTeam1': 2, 'pointsTeam2': 0, 'resultOrderID': 1, 'resultTypeID': 1, 'resultDescription': None}, {'resultID': 103130, 'resultName': 'Endergebnis', 'pointsTeam1': 2, 'pointsTeam2': 0, 'resultOrderID': 2, 'resultTypeID': 2, 'resultDescription': 'result after regular time'}]","[{'goalID': 102051, 'scoreTeam1': 1, 'scoreTeam2': 0, 'matchMinute': None, 'goalGetterID': 0, 'goalGetterName': '', 'isPenalty': False, 'isOwnGoal': False, 'isOvertime': False, 'comment': None}, {'goalID': 102052, 'scoreTeam1': 2, 'scoreTeam2': 0, 'matchMinute': None, 'goalGetterID': 0, 'goalGetterName': '', 'isPenalty': False, 'isOwnGoal': False, 'isOvertime': False, 'comment': None}]",,
67310,2023-07-26T09:30:00,W. Europe Standard Time,4640,FIFA Women´s World Cup 2023,2023,wwc,2023-07-26T07:30:00Z,"{'groupName': 'Group Matches 2', 'groupOrderID': 2, 'groupID': 42196}","{'teamId': 6057, 'teamName': 'Spanien Frauen', 'shortName': 'ESP', 'teamIconUrl': 'https://upload.wikimedia.org/wikipedia/commons/thumb/9/9a/Flag_of_Spain.svg/20px-Flag_of_Spain.svg.png', 'teamGroupName': None}","{'teamId': 6061, 'teamName': 'Sambia Frauen', 'shortName': 'ZAM', 'teamIconUrl': 'https://api.fifa.com/api/v3/picture/flags-sq-4/ZAM', 'teamGroupName': None}",2023-10-05T22:12:26.01,True,"[{'resultID': 103133, 'resultName': 'Halbzeit', 'pointsTeam1': 2, 'pointsTeam2': 0, 'resultOrderID': 1, 'resultTypeID': 1, 'resultDescription': None}, {'resultID': 103132, 'resultName': 'Endergebnis', 'pointsTeam1': 5, 'pointsTeam2': 0, 'resultOrderID': 2, 'resultTypeID': 2, 'resultDescription': 'result after regular time'}]","[{'goalID': 102053, 'scoreTeam1': 1, 'scoreTeam2': 0, 'matchMinute': None, 'goalGetterID': 0, 'goalGetterName': '', 'isPenalty': False, 'isOwnGoal': False, 'isOvertime': False, 'comment': None}, {'goalID': 102054, 'scoreTeam1': 2, 'scoreTeam2': 0, 'matchMinute': None, 'goalGetterID': 0, 'goalGetterName': '', 'isPenalty': False, 'isOwnGoal': False, 'isOvertime': False, 'comment': None}, {'goalID': 102055, 'scoreTeam1': 3, 'scoreTeam2': 0, 'matchMinute': None, 'goalGetterID': 0, 'goalGetterName': '', 'isPenalty': False, 'isOwnGoal': False, 'isOvertime': False, 'comment': None}, {'goalID': 102056, 'scoreTeam1': 4, 'scoreTeam2': 0, 'matchMinute': None, 'goalGetterID': 0, 'goalGetterName': '', 'isPenalty': False, 'isOwnGoal': False, 'isOvertime': False, 'comment': None}, {'goalID': 102058, 'scoreTeam1': 5, 'scoreTeam2': 0, 'matchMinute': None, 'goalGetterID': 0, 'goalGetterName': '', 'isPenalty': False, 'isOwnGoal': False, 'isOvertime': False, 'comment': None}]",,
67311,2023-07-26T14:00:00,W. Europe Standard Time,4640,FIFA Women´s World Cup 2023,2023,wwc,2023-07-26T12:00:00Z,"{'groupName': 'Group Matches 2', 'groupOrderID': 2, 'groupID': 42196}","{'teamId': 6036, 'teamName': 'Kanada Frauen', 'shortName': 'CAN', 'teamIconUrl': 'https://cdn.pixabay.com/photo/2012/04/23/16/18/flag-38776_960_720.png', 'teamGroupName': None}","{'teamId': 6038, 'teamName': 'Irland Frauen', 'shortName': 'IRL', 'teamIconUrl': 'http://upload.wikimedia.org/wikipedia/commons/thumb/4/45/Flag_of_Ireland.svg/23px-Flag_of_Ireland.svg.png', 'teamGroupName': None}",2023-10-05T22:12:25.473,True,"[{'resultID': 103135, 'resultName': 'Halbzeit', 'pointsTeam1': 1, 'pointsTeam2': 1, 'resultOrderID': 1, 'resultTypeID': 1, 'resultDescription': None}, {'resultID': 103134, 'resultName': 'Endergebnis', 'pointsTeam1': 2, 'pointsTeam2': 1, 'resultOrderID': 2, 'resultTypeID': 2, 'resultDescription': 'result after regular time'}]","[{'goalID': 102059, 'scoreTeam1': 0, 'scoreTeam2': 1, 'matchMinute': None, 'goalGetterID': 0, 'goalGetterName': '', 'isPenalty': False, 'isOwnGoal': False, 'isOvertime': False, 'comment': None}, {'goalID': 102060, 'scoreTeam1': 1, 'scoreTeam2': 1, 'matchMinute': None, 'goalGetterID': 0, 'goalGetterName': '', 'isPenalty': False, 'isOwnGoal': False, 'isOvertime': False, 'comment': None}, {'goalID': 102061, 'scoreTeam1': 2, 'scoreTeam2': 1, 'matchMinute': None, 'goalGetterID': 0, 'goalGetterName': '', 'isPenalty': False, 'isOwnGoal': False, 'isOvertime': False, 'comment': None}]",,
67312,2023-07-27T03:00:00,W. Europe Standard Time,4640,FIFA Women´s World Cup 2023,2023,wwc,2023-07-27T01:00:00Z,"{'groupName': 'Group Matches 2', 'groupOrderID': 2, 'groupID': 42196}","{'teamId': 6059, 'teamName': 'USA Frauen', 'shortName': 'USA', 'teamIconUrl': 'http://upload.wikimedia.org/wikipedia/commons/thumb/a/a4/Flag_of_the_United_States.svg/20px-Flag_of_the_United_States.svg.png', 'teamGroupName': None}","{'teamId': 6053, 'teamName': 'Niederlande Frauen', 'shortName': 'NED', 'teamIconUrl': 'http://upload.wikimedia.org/wikipedia/commons/thumb/2/20/Flag_of_the_Netherlands.svg/20px-Flag_of_the_Netherlands.svg.png', 'teamGroupName': None}",2023-10-05T22:12:25.973,True,"[{'resultID': 103137, 'resultName': 'Halbzeit', 'pointsTeam1': 0, 'pointsTeam2': 1, 'resultOrderID': 1, 'resultTypeID': 1, 'resultDescription': None}, {'resultID': 103136, 'resultName': 'Endergebnis', 'pointsTeam1': 1, 'pointsTeam2': 1, 'resultOrderID': 2, 'resultTypeID': 2, 'resultDescription': 'result after regular time'}]","[{'goalID': 102062, 'scoreTeam1': 0, 'scoreTeam2': 1, 'matchMinute': None, 'goalGetterID': 0, 'goalGetterName': '', 'isPenalty': False, 'isOwnGoal': False, 'isOvertime': False, 'comment': None}, {'goalID': 102063, 'scoreTeam1': 1, 'scoreTeam2': 1, 'matchMinute': None, 'goalGetterID': 0, 'goalGetterName': '', 'isPenalty': False, 'isOwnGoal': False, 'isOvertime': False, 'comment': None}]",,
67313,2023-07-27T09:30:00,W. Europe Standard Time,4640,FIFA Women´s World Cup 2023,2023,wwc,2023-07-27T07:30:00Z,"{'groupName': 'Group Matches 2', 'groupOrderID': 2, 'groupID': 42196}","{'teamId': 6055, 'teamName': 'Portugal Frauen', 'shortName': 'POR', 'teamIconUrl': 'http://upload.wikimedia.org/wikipedia/commons/thumb/5/5c/Flag_of_Portugal.svg/20px-Flag_of_Portugal.svg.png', 'teamGroupName': None}","{'teamId': 6060, 'teamName': 'Vietnam Frauen', 'shortName': 'VIE', 'teamIconUrl': 'https://upload.wikimedia.org/wikipedia/commons/thumb/2/21/Flag_of_Vietnam.svg/20px-Flag_of_Vietnam.svg.png', 'teamGroupName': None}",2023-10-05T22:12:25.997,True,"[{'resultID': 103139, 'resultName': 'Halbzeit', 'pointsTeam1': 0, 'pointsTeam2': 0, 'resultOrderID': 1, 'resultTypeID': 1, 'resultDescription': None}, {'resultID': 103138, 'resultName': 'Endergebnis', 'pointsTeam1': 2, 'pointsTeam2': 0, 'resultOrderID': 2, 'resultTypeID': 2, 'resultDescription': 'result after regular time'}]","[{'goalID': 102064, 'scoreTeam1': 1, 'scoreTeam2': 0, 'matchMinute': None, 'goalGetterID': 0, 'goalGetterName': '', 'isPenalty': False, 'isOwnGoal': False, 'isOvertime': False, 'comment': None}, {'goalID': 102065, 'scoreTeam1': 2, 'scoreTeam2': 0, 'matchMinute': None, 'goalGetterID': 0, 'goalGetterName': '', 'isPenalty': False, 'isOwnGoal': False, 'isOvertime': False, 'comment': None}]",,
67314,2023-07-27T12:00:00,W. Europe Standard Time,4640,FIFA Women´s World Cup 2023,2023,wwc,2023-07-27T10:00:00Z,"{'groupName': 'Group Matches 2', 'groupOrderID': 2, 'groupID': 42196}","{'teamId': 6035, 'teamName': 'Australien Frauen', 'shortName': 'AUS', 'teamIconUrl': 'http://upload.wikimedia.org/wikipedia/commons/thumb/b/b9/Flag_of_Australia.svg/20px-Flag_of_Australia.svg.png', 'teamGroupName': None}","{'teamId': 6037, 'teamName': 'Nigeria Frauen', 'shortName': 'NIG', 'teamIconUrl': 'http://upload.wikimedia.org/wikipedia/commons/thumb/7/79/Flag_of_Nigeria.svg/20px-Flag_of_Nigeria.svg.png', 'teamGroupName': None}",2023-10-05T22:12:25.447,True,"[{'resultID': 103141, 'resultName': 'Halbzeit', 'pointsTeam1': 0, 'pointsTeam2': 0, 'resultOrderID': 1, 'resultTypeID': 1, 'resultDescription': None}, {'resultID': 103140, 'resultName': 'Endergebnis', 'pointsTeam1': 2, 'pointsTeam2': 3, 'resultOrderID': 2, 'resultTypeID': 2, 'resultDescription': 'result after regular time'}]","[{'goalID': 102066, 'scoreTeam1': 1, 'scoreTeam2': 0, 'matchMinute': None, 'goalGetterID': 0, 'goalGetterName': '', 'isPenalty': False, 'isOwnGoal': False, 'isOvertime': False, 'comment': None}, {'goalID': 102067, 'scoreTeam1': 1, 'scoreTeam2': 1, 'matchMinute': None, 'goalGetterID': 0, 'goalGetterName': '', 'isPenalty': False, 'isOwnGoal': False, 'isOvertime': False, 'comment': None}, {'goalID': 102068, 'scoreTeam1': 1, 'scoreTeam2': 2, 'matchMinute': None, 'goalGetterID': 0, 'goalGetterName': '', 'isPenalty': False, 'isOwnGoal': False, 'isOvertime': False, 'comment': None}, {'goalID': 102069, 'scoreTeam1': 1, 'scoreTeam2': 3, 'matchMinute': None, 'goalGetterID': 0, 'goalGetterName': '', 'isPenalty': False, 'isOwnGoal': False, 'isOvertime': False, 'comment': None}, {'goalID': 102070, 'scoreTeam1': 2, 'scoreTeam2': 3, 'matchMinute': None, 'goalGetterID': 0, 'goalGetterName': '', 'isPenalty': False, 'isOwnGoal': False, 'isOvertime': False, 'comment': None}]",,
67315,2023-07-28T02:00:00,W. Europe Standard Time,4640,FIFA Women´s World Cup 2023,2023,wwc,2023-07-28T00:00:00Z,"{'groupName': 'Group Matches 2', 'groupOrderID': 2, 'groupID': 42196}","{'teamId': 6039, 'teamName': 'Argentinien Frauen', 'shortName': 'ARG', 'teamIconUrl': 'http://upload.wikimedia.org/wikipedia/commons/thumb/1/1a/Flag_of_Argentina.svg/20px-Flag_of_Argentina.svg.png', 'teamGroupName': None}","{'teamId': 6056, 'teamName': 'Südafrika Frauen', 'shortName': 'RSA', 'teamIconUrl': 'http://upload.wikimedia.org/wikipedia/commons/thumb/a/af/Flag_of_South_Africa.svg/20px-Flag_of_South_Africa.svg.png', 'teamGroupName': None}",2023-10-05T22:12:25.877,True,"[{'resultID': 103143, 'resultName': 'Halbzeit', 'pointsTeam1': 0, 'pointsTeam2': 1, 'resultOrderID': 1, 'resultTypeID': 1, 'resultDescription': None}, {'resultID': 103142, 'resultName': 'Endergebnis', 'pointsTeam1': 2, 'pointsTeam2': 2, 'resultOrderID': 2, 'resultTypeID': 2, 'resultDescription': 'result after regular time'}]","[{'goalID': 102071, 'scoreTeam1': 0, 'scoreTeam2': 1, 'matchMinute': None, 'goalGetterID': 0, 'goalGetterName': '', 'isPenalty': False, 'isOwnGoal': False, 'isOvertime': False, 'comment': None}, {'goalID': 102072, 'scoreTeam1': 2, 'scoreTeam2': 2, 'matchMinute': None, 'goalGetterID': 0, 'goalGetterName': '', 'isPenalty': False, 'isOwnGoal': False, 'isOvertime': False, 'comment': None}]",,
67316,2023-07-28T10:30:00,W. Europe Standard Time,4640,FIFA Women´s World Cup 2023,2023,wwc,2023-07-28T08:30:00Z,"{'groupName': 'Group Matches 2', 'groupOrderID': 2, 'groupID': 42196}","{'teamId': 6045, 'teamName': 'England Frauen', 'shortName': 'ENG', 'teamIconUrl': 'https://img.uefa.com/imgml/flags/50x50/ENG.png', 'teamGroupName': None}","{'teamId': 6044, 'teamName': 'Dänemark Frauen', 'shortName': 'DNK', 'teamIconUrl': 'https://upload.wikimedia.org/wikipedia/commons/thumb/9/9c/Flag_of_Denmark.svg/20px-Flag_of_Denmark.svg.png', 'teamGroupName': None}",2023-10-05T22:12:25.603,True,"[{'resultID': 103145, 'resultName': 'Halbzeit', 'pointsTeam1': 1, 'pointsTeam2': 0, 'resultOrderID': 1, 'resultTypeID': 1, 'resultDescription': None}, {'resultID': 103144, 'resultName': 'Endergebnis', 'pointsTeam1': 1, 'pointsTeam2': 0, 'resultOrderID': 2, 'resultTypeID': 2, 'resultDescription': 'result after regular time'}]",[],,
67317,2023-07-28T13:00:00,W. Europe Standard Time,4640,FIFA Women´s World Cup 2023,2023,wwc,2023-07-28T11:00:00Z,"{'groupName': 'Group Matches 2', 'groupOrderID': 2, 'groupID': 42196}","{'teamId': 6041, 'teamName': 'China Frauen', 'shortName': 'CHN', 'teamIconUrl': 'https://api.fifa.com/api/v3/picture/flags-sq-4/CHN', 'teamGroupName': None}","{'teamId': 6047, 'teamName': 'Haiti Frauen', 'shortName': 'HAI', 'teamIconUrl': 'https://api.fifa.com/api/v3/picture/flags-sq-4/HAI', 'teamGroupName': None}",2023-10-05T22:12:25.663,True,"[{'resultID': 103147, 'resultName': 'Halbzeit', 'pointsTeam1': 0, 'pointsTeam2': 0, 'resultOrderID': 1, 'resultTypeID': 1, 'resultDescription': None}, {'resultID': 103146, 'resultName': 'Endergebnis', 'pointsTeam1': 1, 'pointsTeam2': 0, 'resultOrderID': 2, 'resultTypeID': 2, 'resultDescription': 'result after regular time'}]","[{'goalID': 102074, 'scoreTeam1': 1, 'scoreTeam2': 0, 'matchMinute': None, 'goalGetterID': 0, 'goalGetterName': '', 'isPenalty': False, 'isOwnGoal': False, 'isOvertime': False, 'comment': None}]",,
67318,2023-07-29T09:30:00,W. Europe Standard Time,4640,FIFA Women´s World Cup 2023,2023,wwc,2023-07-29T07:30:00Z,"{'groupName': 'Group Matches 2', 'groupOrderID': 2, 'groupID': 42196}","{'teamId': 6058, 'teamName': 'Schweden Frauen', 'shortName': 'SWE', 'teamIconUrl': 'http://upload.wikimedia.org/wikipedia/commons/thumb/4/4c/Flag_of_Sweden.svg/200px-Flag_of_Sweden.svg.png', 'teamGroupName': None}","{'teamId': 6048, 'teamName': 'Italien Frauen', 'shortName': 'ITA', 'teamIconUrl': 'https://img.uefa.com/imgml/flags/140x140/ITA.png', 'teamGroupName': None}",2023-10-05T22:12:25.937,True,"[{'resultID': 103157, 'resultName': 'Halbzeit', 'pointsTeam1': 3, 'pointsTeam2': 0, 'resultOrderID': 1, 'resultTypeID': 1, 'resultDescription': None}, {'resultID': 103156, 'resultName': 'Endergebnis', 'pointsTeam1': 5, 'pointsTeam2': 0, 'resultOrderID': 2, 'resultTypeID': 2, 'resultDescription': 'result after regular time'}]","[{'goalID': 102091, 'scoreTeam1': 1, 'scoreTeam2': 0, 'matchMinute': None, 'goalGetterID': 0, 'goalGetterName': '', 'isPenalty': False, 'isOwnGoal': False, 'isOvertime': False, 'comment': None}, {'goalID': 102092, 'scoreTeam1': 2, 'scoreTeam2': 0, 'matchMinute': None, 'goalGetterID': 0, 'goalGetterName': '', 'isPenalty': False, 'isOwnGoal': False, 'isOvertime': False, 'comment': None}, {'goalID': 102093, 'scoreTeam1': 3, 'scoreTeam2': 0, 'matchMinute': None, 'goalGetterID': 0, 'goalGetterName': '', 'isPenalty': False, 'isOwnGoal': False, 'isOvertime': False, 'comment': None}, {'goalID': 102094, 'scoreTeam1': 4, 'scoreTeam2': 0, 'matchMinute': None, 'goalGetterID': 0, 'goalGetterName': '', 'isPenalty': False, 'isOwnGoal': False, 'isOvertime': False, 'comment': None}, {'goalID': 102095, 'scoreTeam1': 5, 'scoreTeam2': 0, 'matchMinute': None, 'goalGetterID': 0, 'goalGetterName': '', 'isPenalty': False, 'isOwnGoal': False, 'isOvertime': False, 'comment': None}]",,
67319,2023-07-29T12:00:00,W. Europe Standard Time,4640,FIFA Women´s World Cup 2023,2023,wwc,2023-07-29T10:00:00Z,"{'groupName': 'Group Matches 2', 'groupOrderID': 2, 'groupID': 42196}","{'teamId': 6046, 'teamName': 'Frankreich Frauen', 'shortName': 'FRA', 'teamIconUrl': 'http://upload.wikimedia.org/wikipedia/commons/thumb/c/c3/Flag_of_France.svg/20px-Flag_of_France.svg.png', 'teamGroupName': None}","{'teamId': 6040, 'teamName': 'Brasilien Frauen', 'shortName': 'BRA', 'teamIconUrl': 'http://upload.wikimedia.org/wikipedia/commons/thumb/0/05/Flag_of_Brazil.svg/20px-Flag_of_Brazil.svg.png', 'teamGroupName': None}",2023-10-05T22:12:25.633,True,"[{'resultID': 103159, 'resultName': 'Halbzeit', 'pointsTeam1': 0, 'pointsTeam2': 0, 'resultOrderID': 1, 'resultTypeID': 1, 'resultDescription': None}, {'resultID': 103158, 'resultName': 'Endergebnis', 'pointsTeam1': 2, 'pointsTeam2': 1, 'resultOrderID': 2, 'resultTypeID': 2, 'resultDescription': 'result after regular time'}]","[{'goalID': 102096, 'scoreTeam1': 1, 'scoreTeam2': 0, 'matchMinute': None, 'goalGetterID': 0, 'goalGetterName': '', 'isPenalty': False, 'isOwnGoal': False, 'isOvertime': False, 'comment': None}, {'goalID': 102097, 'scoreTeam1': 1, 'scoreTeam2': 1, 'matchMinute': None, 'goalGetterID': 0, 'goalGetterName': '', 'isPenalty': False, 'isOwnGoal': False, 'isOvertime': False, 'comment': None}, {'goalID': 102098, 'scoreTeam1': 2, 'scoreTeam2': 1, 'matchMinute': None, 'goalGetterID': 0, 'goalGetterName': '', 'isPenalty': False, 'isOwnGoal': False, 'isOvertime': False, 'comment': None}]",,
67320,2023-07-29T14:30:00,W. Europe Standard Time,4640,FIFA Women´s World Cup 2023,2023,wwc,2023-07-29T12:30:00Z,"{'groupName': 'Group Matches 2', 'groupOrderID': 2, 'groupID': 42196}","{'teamId': 6054, 'teamName': 'Panama Frauen', 'shortName': 'PAN', 'teamIconUrl': 'https://upload.wikimedia.org/wikipedia/commons/thumb/a/ab/Flag_of_Panama.svg/18px-Flag_of_Panama.svg.png', 'teamGroupName': None}","{'teamId': 6049, 'teamName': 'Jamaika Frauen', 'shortName': 'JAM', 'teamIconUrl': 'https://api.fifa.com/api/v3/picture/flags-sq-4/JAM', 'teamGroupName': None}",2023-10-05T22:12:25.827,True,"[{'resultID': 103169, 'resultName': 'Halbzeit', 'pointsTeam1': 0, 'pointsTeam2': 0, 'resultOrderID': 1, 'resultTypeID': 1, 'resultDescription': None}, {'resultID': 103168, 'resultName': 'Endergebnis', 'pointsTeam1': 0, 'pointsTeam2': 1, 'resultOrderID': 2, 'resultTypeID': 2, 'resultDescription': 'result after regular time'}]","[{'goalID': 102113, 'scoreTeam1': 0, 'scoreTeam2': 1, 'matchMinute': None, 'goalGetterID': 0, 'goalGetterName': '', 'isPenalty': False, 'isOwnGoal': False, 'isOvertime': False, 'comment': None}]",,
67321,2023-07-30T06:30:00,W. Europe Standard Time,4640,FIFA Women´s World Cup 2023,2023,wwc,2023-07-30T04:30:00Z,"{'groupName': 'Group Matches 2', 'groupOrderID': 2, 'groupID': 42196}","{'teamId': 6051, 'teamName': 'Südkorea Frauen', 'shortName': 'KOR', 'teamIconUrl': 'http://upload.wikimedia.org/wikipedia/commons/thumb/0/09/Flag_of_South_Korea.svg/20px-Flag_of_South_Korea.svg.png', 'teamGroupName': None}","{'teamId': 6052, 'teamName': 'Marokko Frauen', 'shortName': 'MAR', 'teamIconUrl': 'https://upload.wikimedia.org/wikipedia/commons/thumb/2/2c/Flag_of_Morocco.svg/20px-Flag_of_Morocco.svg.png', 'teamGroupName': None}",2023-10-05T22:12:25.777,True,"[{'resultID': 103173, 'resultName': 'Halbzeit', 'pointsTeam1': 0, 'pointsTeam2': 1, 'resultOrderID': 1, 'resultTypeID': 1, 'resultDescription': None}, {'resultID': 103172, 'resultName': 'Endergebnis', 'pointsTeam1': 0, 'pointsTeam2': 1, 'resultOrderID': 2, 'resultTypeID': 2, 'resultDescription': 'result after regular time'}]","[{'goalID': 102115, 'scoreTeam1': 0, 'scoreTeam2': 1, 'matchMinute': None, 'goalGetterID': 0, 'goalGetterName': '', 'isPenalty': False, 'isOwnGoal': False, 'isOvertime': False, 'comment': None}]",,
67323,2023-07-30T09:00:00,W. Europe Standard Time,4640,FIFA Women´s World Cup 2023,2023,wwc,2023-07-30T07:00:00Z,"{'groupName': 'Group Matches 3', 'groupOrderID': 3, 'groupID': 42197}","{'teamId': 6034, 'teamName': 'Schweiz Frauen', 'shortName': 'CHE', 'teamIconUrl': 'https://upload.wikimedia.org/wikipedia/commons/thumb/9/92/Civil_Ensign_of_Switzerland_%28Pantone%29.svg/23px-Civil_Ensign_of_Switzerland_%28Pantone%29.svg.png', 'teamGroupName': None}","{'teamId': 6031, 'teamName': 'Neuseeland Frauen', 'shortName': 'NZL', 'teamIconUrl': 'http://upload.wikimedia.org/wikipedia/commons/thumb/3/3e/Flag_of_New_Zealand.svg/20px-Flag_of_New_Zealand.svg.png', 'teamGroupName': None}",2023-10-05T22:12:25.377,True,"[{'resultID': 103177, 'resultName': 'Halbzeit', 'pointsTeam1': 0, 'pointsTeam2': 0, 'resultOrderID': 1, 'resultTypeID': 1, 'resultDescription': None}, {'resultID': 103176, 'resultName': 'Endergebnis', 'pointsTeam1': 0, 'pointsTeam2': 0, 'resultOrderID': 2, 'resultTypeID': 2, 'resultDescription': 'result after regular time'}]",[],,
67324,2023-07-30T09:00:00,W. Europe Standard Time,4640,FIFA Women´s World Cup 2023,2023,wwc,2023-07-30T07:00:00Z,"{'groupName': 'Group Matches 3', 'groupOrderID': 3, 'groupID': 42197}","{'teamId': 6032, 'teamName': 'Norwegen Frauen', 'shortName': 'NOR', 'teamIconUrl': 'https://upload.wikimedia.org/wikipedia/commons/d/d9/Flag_of_Norway.svg', 'teamGroupName': None}","{'teamId': 6033, 'teamName': 'Philippinen Frauen', 'shortName': 'PHI', 'teamIconUrl': 'https://upload.wikimedia.org/wikipedia/commons/thumb/9/99/Flag_of_the_Philippines.svg/18px-Flag_of_the_Philippines.svg.png', 'teamGroupName': None}",2023-10-05T22:12:25.363,True,"[{'resultID': 103175, 'resultName': 'Halbzeit', 'pointsTeam1': 3, 'pointsTeam2': 0, 'resultOrderID': 1, 'resultTypeID': 1, 'resultDescription': None}, {'resultID': 103174, 'resultName': 'Endergebnis', 'pointsTeam1': 6, 'pointsTeam2': 0, 'resultOrderID': 2, 'resultTypeID': 2, 'resultDescription': 'result after regular time'}]","[{'goalID': 102116, 'scoreTeam1': 1, 'scoreTeam2': 0, 'matchMinute': 6, 'goalGetterID': 20124, 'goalGetterName': '', 'isPenalty': False, 'isOwnGoal': False, 'isOvertime': False, 'comment': None}, {'goalID': 102117, 'scoreTeam1': 2, 'scoreTeam2': 0, 'matchMinute': 17, 'goalGetterID': 20124, 'goalGetterName': '', 'isPenalty': False, 'isOwnGoal': False, 'isOvertime': False, 'comment': None}, {'goalID': 102118, 'scoreTeam1': 3, 'scoreTeam2': 0, 'matchMinute': 31, 'goalGetterID': 20125, 'goalGetterName': '', 'isPenalty': False, 'isOwnGoal': False, 'isOvertime': False, 'comment': None}, {'goalID': 102119, 'scoreTeam1': 4, 'scoreTeam2': 0, 'matchMinute': 48, 'goalGetterID': 0, 'goalGetterName': '', 'isPenalty': False, 'isOwnGoal': True, 'isOvertime': False, 'comment': None}, {'goalID': 102120, 'scoreTeam1': 5, 'scoreTeam2': 0, 'matchMinute': 53, 'goalGetterID': 20126, 'goalGetterName': '', 'isPenalty': False, 'isOwnGoal': False, 'isOvertime': False, 'comment': None}, {'goalID': 102121, 'scoreTeam1': 6, 'scoreTeam2': 0, 'matchMinute': 95, 'goalGetterID': 20124, 'goalGetterName': '', 'isPenalty': False, 'isOwnGoal': False, 'isOvertime': False, 'comment': None}]",,
67322,2023-07-30T11:30:00,W. Europe Standard Time,4640,FIFA Women´s World Cup 2023,2023,wwc,2023-07-30T09:30:00Z,"{'groupName': 'Group Matches 2', 'groupOrderID': 2, 'groupID': 42196}","{'teamId': 6030, 'teamName': 'Deutschland Frauen', 'shortName': 'GER', 'teamIconUrl': 'https://img.uefa.com/imgml/flags/140x140/FRG.png', 'teamGroupName': None}","{'teamId': 6042, 'teamName': 'Kolumbien Frauen', 'shortName': 'COL', 'teamIconUrl': 'http://upload.wikimedia.org/wikipedia/commons/thumb/2/21/Flag_of_Colombia.svg/20px-Flag_of_Colombia.svg.png', 'teamGroupName': None}",2023-10-05T22:12:25.54,True,"[{'resultID': 103179, 'resultName': 'Halbzeit', 'pointsTeam1': 0, 'pointsTeam2': 0, 'resultOrderID': 1, 'resultTypeID': 1, 'resultDescription': None}, {'resultID': 103178, 'resultName': 'Endergebnis', 'pointsTeam1': 1, 'pointsTeam2': 2, 'resultOrderID': 2, 'resultTypeID': 2, 'resultDescription': 'result after regular time'}]","[{'goalID': 102122, 'scoreTeam1': 0, 'scoreTeam2': 1, 'matchMinute': None, 'goalGetterID': 0, 'goalGetterName': '', 'isPenalty': False, 'isOwnGoal': False, 'isOvertime': False, 'comment': None}, {'goalID': 102123, 'scoreTeam1': 1, 'scoreTeam2': 1, 'matchMinute': None, 'goalGetterID': 0, 'goalGetterName': '', 'isPenalty': False, 'isOwnGoal': False, 'isOvertime': False, 'comment': None}, {'goalID': 102124, 'scoreTeam1': 1, 'scoreTeam2': 2, 'matchMinute': None, 'goalGetterID': 0, 'goalGetterName': '', 'isPenalty': False, 'isOwnGoal': False, 'isOvertime': False, 'comment': None}]",,
67325,2023-07-31T09:00:00,W. Europe Standard Time,4640,FIFA Women´s World Cup 2023,2023,wwc,2023-07-31T07:00:00Z,"{'groupName': 'Group Matches 3', 'groupOrderID': 3, 'groupID': 42197}","{'teamId': 6050, 'teamName': 'Japan Frauen', 'shortName': 'JPN', 'teamIconUrl': 'http://upload.wikimedia.org/wikipedia/commons/thumb/9/9e/Flag_of_Japan.svg/20px-Flag_of_Japan.svg.png', 'teamGroupName': None}","{'teamId': 6057, 'teamName': 'Spanien Frauen', 'shortName': 'ESP', 'teamIconUrl': 'https://upload.wikimedia.org/wikipedia/commons/thumb/9/9a/Flag_of_Spain.svg/20px-Flag_of_Spain.svg.png', 'teamGroupName': None}",2023-10-05T22:12:25.917,True,"[{'resultID': 103187, 'resultName': 'Halbzeit', 'pointsTeam1': 0, 'pointsTeam2': 0, 'resultOrderID': 1, 'resultTypeID': 1, 'resultDescription': None}, {'resultID': 103186, 'resultName': 'Endergebnis', 'pointsTeam1': 4, 'pointsTeam2': 0, 'resultOrderID': 2, 'resultTypeID': 2, 'resultDescription': 'result after regular time'}]","[{'goalID': 102133, 'scoreTeam1': 1, 'scoreTeam2': 0, 'matchMinute': None, 'goalGetterID': 0, 'goalGetterName': '', 'isPenalty': False, 'isOwnGoal': False, 'isOvertime': False, 'comment': None}, {'goalID': 102134, 'scoreTeam1': 2, 'scoreTeam2': 0, 'matchMinute': None, 'goalGetterID': 0, 'goalGetterName': '', 'isPenalty': False, 'isOwnGoal': False, 'isOvertime': False, 'comment': None}, {'goalID': 102135, 'scoreTeam1': 3, 'scoreTeam2': 0, 'matchMinute': None, 'goalGetterID': 0, 'goalGetterName': '', 'isPenalty': False, 'isOwnGoal': False, 'isOvertime': False, 'comment': None}, {'goalID': 102136, 'scoreTeam1': 4, 'scoreTeam2': 0, 'matchMinute': None, 'goalGetterID': 0, 'goalGetterName': '', 'isPenalty': False, 'isOwnGoal': False, 'isOvertime': False, 'comment': None}]",,
67326,2023-07-31T09:00:00,W. Europe Standard Time,4640,FIFA Women´s World Cup 2023,2023,wwc,2023-07-31T07:00:00Z,"{'groupName': 'Group Matches 3', 'groupOrderID': 3, 'groupID': 42197}","{'teamId': 6043, 'teamName': 'Costa Rica Frauen', 'shortName': 'CRC', 'teamIconUrl': 'http://upload.wikimedia.org/wikipedia/commons/thumb/f/f2/Flag_of_Costa_Rica.svg/20px-Flag_of_Costa_Rica.svg.png', 'teamGroupName': None}","{'teamId': 6061, 'teamName': 'Sambia Frauen', 'shortName': 'ZAM', 'teamIconUrl': 'https://api.fifa.com/api/v3/picture/flags-sq-4/ZAM', 'teamGroupName': None}",2023-10-05T22:12:26.02,True,"[{'resultID': 103189, 'resultName': 'Halbzeit', 'pointsTeam1': 0, 'pointsTeam2': 0, 'resultOrderID': 1, 'resultTypeID': 1, 'resultDescription': None}, {'resultID': 103188, 'resultName': 'Endergebnis', 'pointsTeam1': 1, 'pointsTeam2': 3, 'resultOrderID': 2, 'resultTypeID': 2, 'resultDescription': 'result after regular time'}]","[{'goalID': 102137, 'scoreTeam1': 0, 'scoreTeam2': 1, 'matchMinute': None, 'goalGetterID': 0, 'goalGetterName': '', 'isPenalty': False, 'isOwnGoal': False, 'isOvertime': False, 'comment': None}, {'goalID': 102138, 'scoreTeam1': 0, 'scoreTeam2': 2, 'matchMinute': None, 'goalGetterID': 0, 'goalGetterName': '', 'isPenalty': False, 'isOwnGoal': False, 'isOvertime': False, 'comment': None}, {'goalID': 102139, 'scoreTeam1': 1, 'scoreTeam2': 2, 'matchMinute': None, 'goalGetterID': 0, 'goalGetterName': '', 'isPenalty': False, 'isOwnGoal': False, 'isOvertime': False, 'comment': None}, {'goalID': 102140, 'scoreTeam1': 1, 'scoreTeam2': 3, 'matchMinute': None, 'goalGetterID': 0, 'goalGetterName': '', 'isPenalty': False, 'isOwnGoal': False, 'isOvertime': False, 'comment': None}]",,
67327,2023-07-31T12:00:00,W. Europe Standard Time,4640,FIFA Women´s World Cup 2023,2023,wwc,2023-07-31T10:00:00Z,"{'groupName': 'Group Matches 3', 'groupOrderID': 3, 'groupID': 42197}","{'teamId': 6036, 'teamName': 'Kanada Frauen', 'shortName': 'CAN', 'teamIconUrl': 'https://cdn.pixabay.com/photo/2012/04/23/16/18/flag-38776_960_720.png', 'teamGroupName': None}","{'teamId': 6035, 'teamName': 'Australien Frauen', 'shortName': 'AUS', 'teamIconUrl': 'http://upload.wikimedia.org/wikipedia/commons/thumb/b/b9/Flag_of_Australia.svg/20px-Flag_of_Australia.svg.png', 'teamGroupName': None}",2023-10-05T22:12:25.427,True,"[{'resultID': 103191, 'resultName': 'Halbzeit', 'pointsTeam1': 0, 'pointsTeam2': 0, 'resultOrderID': 1, 'resultTypeID': 1, 'resultDescription': None}, {'resultID': 103190, 'resultName': 'Endergebnis', 'pointsTeam1': 0, 'pointsTeam2': 4, 'resultOrderID': 2, 'resultTypeID': 2, 'resultDescription': 'result after regular time'}]","[{'goalID': 102141, 'scoreTeam1': 0, 'scoreTeam2': 1, 'matchMinute': None, 'goalGetterID': 0, 'goalGetterName': '', 'isPenalty': False, 'isOwnGoal': False, 'isOvertime': False, 'comment': None}, {'goalID': 102142, 'scoreTeam1': 0, 'scoreTeam2': 2, 'matchMinute': None, 'goalGetterID': 0, 'goalGetterName': '', 'isPenalty': False, 'isOwnGoal': False, 'isOvertime': False, 'comment': None}, {'goalID': 102143, 'scoreTeam1': 0, 'scoreTeam2': 3, 'matchMinute': None, 'goalGetterID': 0, 'goalGetterName': '', 'isPenalty': False, 'isOwnGoal': False, 'isOvertime': False, 'comment': None}, {'goalID': 102144, 'scoreTeam1': 0, 'scoreTeam2': 4, 'matchMinute': None, 'goalGetterID': 0, 'goalGetterName': '', 'isPenalty': False, 'isOwnGoal': False, 'isOvertime': False, 'comment': None}]",,
67328,2023-07-31T12:00:00,W. Europe Standard Time,4640,FIFA Women´s World Cup 2023,2023,wwc,2023-07-31T10:00:00Z,"{'groupName': 'Group Matches 3', 'groupOrderID': 3, 'groupID': 42197}","{'teamId': 6038, 'teamName': 'Irland Frauen', 'shortName': 'IRL', 'teamIconUrl': 'http://upload.wikimedia.org/wikipedia/commons/thumb/4/45/Flag_of_Ireland.svg/23px-Flag_of_Ireland.svg.png', 'teamGroupName': None}","{'teamId': 6037, 'teamName': 'Nigeria Frauen', 'shortName': 'NIG', 'teamIconUrl': 'http://upload.wikimedia.org/wikipedia/commons/thumb/7/79/Flag_of_Nigeria.svg/20px-Flag_of_Nigeria.svg.png', 'teamGroupName': None}",2023-10-05T22:12:25.463,True,"[{'resultID': 103193, 'resultName': 'Halbzeit', 'pointsTeam1': 0, 'pointsTeam2': 0, 'resultOrderID': 1, 'resultTypeID': 1, 'resultDescription': None}, {'resultID': 103192, 'resultName': 'Endergebnis', 'pointsTeam1': 0, 'pointsTeam2': 0, 'resultOrderID': 2, 'resultTypeID': 2, 'resultDescription': 'result after regular time'}]",[],,
67329,2023-08-01T09:00:00,W. Europe Standard Time,4640,FIFA Women´s World Cup 2023,2023,wwc,2023-08-01T07:00:00Z,"{'groupName': 'Group Matches 3', 'groupOrderID': 3, 'groupID': 42197}","{'teamId': 6055, 'teamName': 'Portugal Frauen', 'shortName': 'POR', 'teamIconUrl': 'http://upload.wikimedia.org/wikipedia/commons/thumb/5/5c/Flag_of_Portugal.svg/20px-Flag_of_Portugal.svg.png', 'teamGroupName': None}","{'teamId': 6059, 'teamName': 'USA Frauen', 'shortName': 'USA', 'teamIconUrl': 'http://upload.wikimedia.org/wikipedia/commons/thumb/a/a4/Flag_of_the_United_States.svg/20px-Flag_of_the_United_States.svg.png', 'teamGroupName': None}",2023-10-05T22:12:25.977,True,"[{'resultID': 103209, 'resultName': 'Halbzeit', 'pointsTeam1': 0, 'pointsTeam2': 0, 'resultOrderID': 1, 'resultTypeID': 1, 'resultDescription': None}, {'resultID': 103208, 'resultName': 'Endergebnis', 'pointsTeam1': 0, 'pointsTeam2': 0, 'resultOrderID': 2, 'resultTypeID': 2, 'resultDescription': 'result after regular time'}]",[],,
67330,2023-08-01T09:00:00,W. Europe Standard Time,4640,FIFA Women´s World Cup 2023,2023,wwc,2023-08-01T07:00:00Z,"{'groupName': 'Group Matches 3', 'groupOrderID': 3, 'groupID': 42197}","{'teamId': 6060, 'teamName': 'Vietnam Frauen', 'shortName': 'VIE', 'teamIconUrl': 'https://upload.wikimedia.org/wikipedia/commons/thumb/2/21/Flag_of_Vietnam.svg/20px-Flag_of_Vietnam.svg.png', 'teamGroupName': None}","{'teamId': 6053, 'teamName': 'Niederlande Frauen', 'shortName': 'NED', 'teamIconUrl': 'http://upload.wikimedia.org/wikipedia/commons/thumb/2/20/Flag_of_the_Netherlands.svg/20px-Flag_of_the_Netherlands.svg.png', 'teamGroupName': None}",2023-10-05T22:12:25.99,True,"[{'resultID': 103207, 'resultName': 'Halbzeit', 'pointsTeam1': 0, 'pointsTeam2': 5, 'resultOrderID': 1, 'resultTypeID': 1, 'resultDescription': None}, {'resultID': 103206, 'resultName': 'Endergebnis', 'pointsTeam1': 0, 'pointsTeam2': 7, 'resultOrderID': 2, 'resultTypeID': 2, 'resultDescription': 'result after regular time'}]","[{'goalID': 102164, 'scoreTeam1': 0, 'scoreTeam2': 1, 'matchMinute': None, 'goalGetterID': 0, 'goalGetterName': '', 'isPenalty': False, 'isOwnGoal': False, 'isOvertime': False, 'comment': None}, {'goalID': 102165, 'scoreTeam1': 0, 'scoreTeam2': 2, 'matchMinute': None, 'goalGetterID': 0, 'goalGetterName': '', 'isPenalty': False, 'isOwnGoal': False, 'isOvertime': False, 'comment': None}, {'goalID': 102166, 'scoreTeam1': 0, 'scoreTeam2': 3, 'matchMinute': None, 'goalGetterID': 0, 'goalGetterName': '', 'isPenalty': False, 'isOwnGoal': False, 'isOvertime': False, 'comment': None}, {'goalID': 102167, 'scoreTeam1': 0, 'scoreTeam2': 4, 'matchMinute': None, 'goalGetterID': 0, 'goalGetterName': '', 'isPenalty': False, 'isOwnGoal': False, 'isOvertime': False, 'comment': None}, {'goalID': 102168, 'scoreTeam1': 0, 'scoreTeam2': 5, 'matchMinute': None, 'goalGetterID': 0, 'goalGetterName': '', 'isPenalty': False, 'isOwnGoal': False, 'isOvertime': False, 'comment': None}, {'goalID': 102169, 'scoreTeam1': 0, 'scoreTeam2': 6, 'matchMinute': None, 'goalGetterID': 0, 'goalGetterName': '', 'isPenalty': False, 'isOwnGoal': False, 'isOvertime': False, 'comment': None}, {'goalID': 102170, 'scoreTeam1': 0, 'scoreTeam2': 7, 'matchMinute': None, 'goalGetterID': 0, 'goalGetterName': '', 'isPenalty': False, 'isOwnGoal': False, 'isOvertime': False, 'comment': None}]",,
67331,2023-08-01T13:00:00,W. Europe Standard Time,4640,FIFA Women´s World Cup 2023,2023,wwc,2023-08-01T11:00:00Z,"{'groupName': 'Group Matches 3', 'groupOrderID': 3, 'groupID': 42197}","{'teamId': 6041, 'teamName': 'China Frauen', 'shortName': 'CHN', 'teamIconUrl': 'https://api.fifa.com/api/v3/picture/flags-sq-4/CHN', 'teamGroupName': None}","{'teamId': 6045, 'teamName': 'England Frauen', 'shortName': 'ENG', 'teamIconUrl': 'https://img.uefa.com/imgml/flags/50x50/ENG.png', 'teamGroupName': None}",2023-10-05T22:12:25.613,True,"[{'resultID': 103211, 'resultName': 'Halbzeit', 'pointsTeam1': 0, 'pointsTeam2': 0, 'resultOrderID': 1, 'resultTypeID': 1, 'resultDescription': None}, {'resultID': 103210, 'resultName': 'Endergebnis', 'pointsTeam1': 1, 'pointsTeam2': 6, 'resultOrderID': 2, 'resultTypeID': 2, 'resultDescription': 'result after regular time'}]","[{'goalID': 102171, 'scoreTeam1': 0, 'scoreTeam2': 1, 'matchMinute': None, 'goalGetterID': 0, 'goalGetterName': '', 'isPenalty': False, 'isOwnGoal': False, 'isOvertime': False, 'comment': None}, {'goalID': 102172, 'scoreTeam1': 0, 'scoreTeam2': 2, 'matchMinute': None, 'goalGetterID': 0, 'goalGetterName': '', 'isPenalty': False, 'isOwnGoal': False, 'isOvertime': False, 'comment': None}, {'goalID': 102173, 'scoreTeam1': 0, 'scoreTeam2': 3, 'matchMinute': None, 'goalGetterID': 0, 'goalGetterName': '', 'isPenalty': False, 'isOwnGoal': False, 'isOvertime': False, 'comment': None}, {'goalID': 102174, 'scoreTeam1': 1, 'scoreTeam2': 3, 'matchMinute': None, 'goalGetterID': 0, 'goalGetterName': '', 'isPenalty': False, 'isOwnGoal': False, 'isOvertime': False, 'comment': None}, {'goalID': 102175, 'scoreTeam1': 1, 'scoreTeam2': 4, 'matchMinute': None, 'goalGetterID': 0, 'goalGetterName': '', 'isPenalty': False, 'isOwnGoal': False, 'isOvertime': False, 'comment': None}, {'goalID': 102176, 'scoreTeam1': 1, 'scoreTeam2': 5, 'matchMinute': None, 'goalGetterID': 0, 'goalGetterName': '', 'isPenalty': False, 'isOwnGoal': False, 'isOvertime': False, 'comment': None}, {'goalID': 102177, 'scoreTeam1': 1, 'scoreTeam2': 6, 'matchMinute': None, 'goalGetterID': 0, 'goalGetterName': '', 'isPenalty': False, 'isOwnGoal': False, 'isOvertime': False, 'comment': None}]",,
67332,2023-08-01T13:00:00,W. Europe Standard Time,4640,FIFA Women´s World Cup 2023,2023,wwc,2023-08-01T11:00:00Z,"{'groupName': 'Group Matches 3', 'groupOrderID': 3, 'groupID': 42197}","{'teamId': 6047, 'teamName': 'Haiti Frauen', 'shortName': 'HAI', 'teamIconUrl': 'https://api.fifa.com/api/v3/picture/flags-sq-4/HAI', 'teamGroupName': None}","{'teamId': 6044, 'teamName': 'Dänemark Frauen', 'shortName': 'DNK', 'teamIconUrl': 'https://upload.wikimedia.org/wikipedia/commons/thumb/9/9c/Flag_of_Denmark.svg/20px-Flag_of_Denmark.svg.png', 'teamGroupName': None}",2023-10-05T22:12:25.653,True,"[{'resultID': 103213, 'resultName': 'Halbzeit', 'pointsTeam1': 0, 'pointsTeam2': 0, 'resultOrderID': 1, 'resultTypeID': 1, 'resultDescription': None}, {'resultID': 103212, 'resultName': 'Endergebnis', 'pointsTeam1': 0, 'pointsTeam2': 2, 'resultOrderID': 2, 'resultTypeID': 2, 'resultDescription': 'result after regular time'}]","[{'goalID': 102178, 'scoreTeam1': 0, 'scoreTeam2': 1, 'matchMinute': None, 'goalGetterID': 0, 'goalGetterName': '', 'isPenalty': False, 'isOwnGoal': False, 'isOvertime': False, 'comment': None}, {'goalID': 102179, 'scoreTeam1': 0, 'scoreTeam2': 2, 'matchMinute': None, 'goalGetterID': 0, 'goalGetterName': '', 'isPenalty': False, 'isOwnGoal': False, 'isOvertime': False, 'comment': None}]",,
67333,2023-08-02T09:00:00,W. Europe Standard Time,4640,FIFA Women´s World Cup 2023,2023,wwc,2023-08-02T07:00:00Z,"{'groupName': 'Group Matches 3', 'groupOrderID': 3, 'groupID': 42197}","{'teamId': 6039, 'teamName': 'Argentinien Frauen', 'shortName': 'ARG', 'teamIconUrl': 'http://upload.wikimedia.org/wikipedia/commons/thumb/1/1a/Flag_of_Argentina.svg/20px-Flag_of_Argentina.svg.png', 'teamGroupName': None}","{'teamId': 6058, 'teamName': 'Schweden Frauen', 'shortName': 'SWE', 'teamIconUrl': 'http://upload.wikimedia.org/wikipedia/commons/thumb/4/4c/Flag_of_Sweden.svg/200px-Flag_of_Sweden.svg.png', 'teamGroupName': None}",2023-10-05T22:12:25.947,True,"[{'resultID': 103215, 'resultName': 'Halbzeit', 'pointsTeam1': 0, 'pointsTeam2': 0, 'resultOrderID': 1, 'resultTypeID': 1, 'resultDescription': None}, {'resultID': 103214, 'resultName': 'Endergebnis', 'pointsTeam1': 0, 'pointsTeam2': 2, 'resultOrderID': 2, 'resultTypeID': 2, 'resultDescription': 'result after regular time'}]","[{'goalID': 102184, 'scoreTeam1': 0, 'scoreTeam2': 1, 'matchMinute': None, 'goalGetterID': 0, 'goalGetterName': '', 'isPenalty': False, 'isOwnGoal': False, 'isOvertime': False, 'comment': None}, {'goalID': 102185, 'scoreTeam1': 0, 'scoreTeam2': 2, 'matchMinute': None, 'goalGetterID': 0, 'goalGetterName': '', 'isPenalty': False, 'isOwnGoal': False, 'isOvertime': False, 'comment': None}]",,
67334,2023-08-02T09:00:00,W. Europe Standard Time,4640,FIFA Women´s World Cup 2023,2023,wwc,2023-08-02T07:00:00Z,"{'groupName': 'Group Matches 3', 'groupOrderID': 3, 'groupID': 42197}","{'teamId': 6056, 'teamName': 'Südafrika Frauen', 'shortName': 'RSA', 'teamIconUrl': 'http://upload.wikimedia.org/wikipedia/commons/thumb/a/af/Flag_of_South_Africa.svg/20px-Flag_of_South_Africa.svg.png', 'teamGroupName': None}","{'teamId': 6048, 'teamName': 'Italien Frauen', 'shortName': 'ITA', 'teamIconUrl': 'https://img.uefa.com/imgml/flags/140x140/ITA.png', 'teamGroupName': None}",2023-10-05T22:12:25.867,True,"[{'resultID': 103217, 'resultName': 'Halbzeit', 'pointsTeam1': 1, 'pointsTeam2': 1, 'resultOrderID': 1, 'resultTypeID': 1, 'resultDescription': None}, {'resultID': 103216, 'resultName': 'Endergebnis', 'pointsTeam1': 3, 'pointsTeam2': 2, 'resultOrderID': 2, 'resultTypeID': 2, 'resultDescription': 'result after regular time'}]","[{'goalID': 102180, 'scoreTeam1': 0, 'scoreTeam2': 1, 'matchMinute': None, 'goalGetterID': 0, 'goalGetterName': '', 'isPenalty': False, 'isOwnGoal': False, 'isOvertime': False, 'comment': None}, {'goalID': 102181, 'scoreTeam1': 1, 'scoreTeam2': 1, 'matchMinute': None, 'goalGetterID': 0, 'goalGetterName': '', 'isPenalty': False, 'isOwnGoal': False, 'isOvertime': False, 'comment': None}, {'goalID': 102182, 'scoreTeam1': 2, 'scoreTeam2': 1, 'matchMinute': None, 'goalGetterID': 0, 'goalGetterName': '', 'isPenalty': False, 'isOwnGoal': False, 'isOvertime': False, 'comment': None}, {'goalID': 102183, 'scoreTeam1': 2, 'scoreTeam2': 2, 'matchMinute': None, 'goalGetterID': 0, 'goalGetterName': '', 'isPenalty': False, 'isOwnGoal': False, 'isOvertime': False, 'comment': None}, {'goalID': 102186, 'scoreTeam1': 3, 'scoreTeam2': 2, 'matchMinute': None, 'goalGetterID': 0, 'goalGetterName': '', 'isPenalty': False, 'isOwnGoal': False, 'isOvertime': False, 'comment': None}]",,
67335,2023-08-02T12:00:00,W. Europe Standard Time,4640,FIFA Women´s World Cup 2023,2023,wwc,2023-08-02T10:00:00Z,"{'groupName': 'Group Matches 3', 'groupOrderID': 3, 'groupID': 42197}","{'teamId': 6054, 'teamName': 'Panama Frauen', 'shortName': 'PAN', 'teamIconUrl': 'https://upload.wikimedia.org/wikipedia/commons/thumb/a/ab/Flag_of_Panama.svg/18px-Flag_of_Panama.svg.png', 'teamGroupName': None}","{'teamId': 6046, 'teamName': 'Frankreich Frauen', 'shortName': 'FRA', 'teamIconUrl': 'http://upload.wikimedia.org/wikipedia/commons/thumb/c/c3/Flag_of_France.svg/20px-Flag_of_France.svg.png', 'teamGroupName': None}",2023-10-05T22:12:25.833,True,"[{'resultID': 103219, 'resultName': 'Halbzeit', 'pointsTeam1': 1, 'pointsTeam2': 4, 'resultOrderID': 1, 'resultTypeID': 1, 'resultDescription': None}, {'resultID': 103218, 'resultName': 'Endergebnis', 'pointsTeam1': 3, 'pointsTeam2': 6, 'resultOrderID': 2, 'resultTypeID': 2, 'resultDescription': 'result after regular time'}]","[{'goalID': 102192, 'scoreTeam1': 1, 'scoreTeam2': 5, 'matchMinute': None, 'goalGetterID': 0, 'goalGetterName': '', 'isPenalty': False, 'isOwnGoal': False, 'isOvertime': False, 'comment': None}, {'goalID': 102193, 'scoreTeam1': 2, 'scoreTeam2': 5, 'matchMinute': None, 'goalGetterID': 0, 'goalGetterName': '', 'isPenalty': False, 'isOwnGoal': False, 'isOvertime': False, 'comment': None}, {'goalID': 102194, 'scoreTeam1': 3, 'scoreTeam2': 5, 'matchMinute': None, 'goalGetterID': 0, 'goalGetterName': '', 'isPenalty': False, 'isOwnGoal': False, 'isOvertime': False, 'comment': None}, {'goalID': 102195, 'scoreTeam1': 3, 'scoreTeam2': 6, 'matchMinute': None, 'goalGetterID': 0, 'goalGetterName': '', 'isPenalty': False, 'isOwnGoal': False, 'isOvertime': False, 'comment': None}, {'goalID': 102187, 'scoreTeam1': 1, 'scoreTeam2': 0, 'matchMinute': None, 'goalGetterID': 0, 'goalGetterName': '', 'isPenalty': False, 'isOwnGoal': False, 'isOvertime': False, 'comment': None}, {'goalID': 102188, 'scoreTeam1': 1, 'scoreTeam2': 1, 'matchMinute': None, 'goalGetterID': 0, 'goalGetterName': '', 'isPenalty': False, 'isOwnGoal': False, 'isOvertime': False, 'comment': None}, {'goalID': 102189, 'scoreTeam1': 1, 'scoreTeam2': 2, 'matchMinute': None, 'goalGetterID': 0, 'goalGetterName': '', 'isPenalty': False, 'isOwnGoal': False, 'isOvertime': False, 'comment': None}, {'goalID': 102190, 'scoreTeam1': 1, 'scoreTeam2': 3, 'matchMinute': None, 'goalGetterID': 0, 'goalGetterName': '', 'isPenalty': False, 'isOwnGoal': False, 'isOvertime': False, 'comment': None}, {'goalID': 102191, 'scoreTeam1': 1, 'scoreTeam2': 4, 'matchMinute': None, 'goalGetterID': 0, 'goalGetterName': '', 'isPenalty': False, 'isOwnGoal': False, 'isOvertime': False, 'comment': None}]",,
67336,2023-08-02T12:00:00,W. Europe Standard Time,4640,FIFA Women´s World Cup 2023,2023,wwc,2023-08-02T10:00:00Z,"{'groupName': 'Group Matches 3', 'groupOrderID': 3, 'groupID': 42197}","{'teamId': 6049, 'teamName': 'Jamaika Frauen', 'shortName': 'JAM', 'teamIconUrl': 'https://api.fifa.com/api/v3/picture/flags-sq-4/JAM', 'teamGroupName': None}","{'teamId': 6040, 'teamName': 'Brasilien Frauen', 'shortName': 'BRA', 'teamIconUrl': 'http://upload.wikimedia.org/wikipedia/commons/thumb/0/05/Flag_of_Brazil.svg/20px-Flag_of_Brazil.svg.png', 'teamGroupName': None}",2023-10-05T22:12:25.693,True,"[{'resultID': 103221, 'resultName': 'Halbzeit', 'pointsTeam1': 0, 'pointsTeam2': 0, 'resultOrderID': 1, 'resultTypeID': 1, 'resultDescription': None}, {'resultID': 103220, 'resultName': 'Endergebnis', 'pointsTeam1': 0, 'pointsTeam2': 0, 'resultOrderID': 2, 'resultTypeID': 2, 'resultDescription': 'result after regular time'}]",[],,
67337,2023-08-03T12:00:00,W. Europe Standard Time,4640,FIFA Women´s World Cup 2023,2023,wwc,2023-08-03T10:00:00Z,"{'groupName': 'Group Matches 3', 'groupOrderID': 3, 'groupID': 42197}","{'teamId': 6051, 'teamName': 'Südkorea Frauen', 'shortName': 'KOR', 'teamIconUrl': 'http://upload.wikimedia.org/wikipedia/commons/thumb/0/09/Flag_of_South_Korea.svg/20px-Flag_of_South_Korea.svg.png', 'teamGroupName': None}","{'teamId': 6030, 'teamName': 'Deutschland Frauen', 'shortName': 'GER', 'teamIconUrl': 'https://img.uefa.com/imgml/flags/140x140/FRG.png', 'teamGroupName': None}",2023-10-05T22:12:25.747,True,"[{'resultID': 103223, 'resultName': 'Halbzeit', 'pointsTeam1': 1, 'pointsTeam2': 1, 'resultOrderID': 1, 'resultTypeID': 1, 'resultDescription': None}, {'resultID': 103222, 'resultName': 'Endergebnis', 'pointsTeam1': 1, 'pointsTeam2': 1, 'resultOrderID': 2, 'resultTypeID': 2, 'resultDescription': 'result after regular time'}]","[{'goalID': 102196, 'scoreTeam1': 1, 'scoreTeam2': 0, 'matchMinute': None, 'goalGetterID': 0, 'goalGetterName': '', 'isPenalty': False, 'isOwnGoal': False, 'isOvertime': False, 'comment': None}, {'goalID': 102197, 'scoreTeam1': 1, 'scoreTeam2': 1, 'matchMinute': None, 'goalGetterID': 0, 'goalGetterName': '', 'isPenalty': False, 'isOwnGoal': False, 'isOvertime': False, 'comment': None}]",,
67338,2023-08-03T12:00:00,W. Europe Standard Time,4640,FIFA Women´s World Cup 2023,2023,wwc,2023-08-03T10:00:00Z,"{'groupName': 'Group Matches 3', 'groupOrderID': 3, 'groupID': 42197}","{'teamId': 6052, 'teamName': 'Marokko Frauen', 'shortName': 'MAR', 'teamIconUrl': 'https://upload.wikimedia.org/wikipedia/commons/thumb/2/2c/Flag_of_Morocco.svg/20px-Flag_of_Morocco.svg.png', 'teamGroupName': None}","{'teamId': 6042, 'teamName': 'Kolumbien Frauen', 'shortName': 'COL', 'teamIconUrl': 'http://upload.wikimedia.org/wikipedia/commons/thumb/2/21/Flag_of_Colombia.svg/20px-Flag_of_Colombia.svg.png', 'teamGroupName': None}",2023-10-05T22:12:25.76,True,"[{'resultID': 103225, 'resultName': 'Halbzeit', 'pointsTeam1': 1, 'pointsTeam2': 0, 'resultOrderID': 1, 'resultTypeID': 1, 'resultDescription': None}, {'resultID': 103224, 'resultName': 'Endergebnis', 'pointsTeam1': 1, 'pointsTeam2': 0, 'resultOrderID': 2, 'resultTypeID': 2, 'resultDescription': 'result after regular time'}]","[{'goalID': 102198, 'scoreTeam1': 1, 'scoreTeam2': 0, 'matchMinute': None, 'goalGetterID': 0, 'goalGetterName': '', 'isPenalty': False, 'isOwnGoal': False, 'isOvertime': False, 'comment': None}]",,
67514,2023-08-05T07:00:00,W. Europe Standard Time,4640,FIFA Women´s World Cup 2023,2023,wwc,2023-08-05T05:00:00Z,"{'groupName': 'Round of 16', 'groupOrderID': 4, 'groupID': 42198}","{'teamId': 6034, 'teamName': 'Schweiz Frauen', 'shortName': 'CHE', 'teamIconUrl': 'https://upload.wikimedia.org/wikipedia/commons/thumb/9/92/Civil_Ensign_of_Switzerland_%28Pantone%29.svg/23px-Civil_Ensign_of_Switzerland_%28Pantone%29.svg.png', 'teamGroupName': None}","{'teamId': 6057, 'teamName': 'Spanien Frauen', 'shortName': 'ESP', 'teamIconUrl': 'https://upload.wikimedia.org/wikipedia/commons/thumb/9/9a/Flag_of_Spain.svg/20px-Flag_of_Spain.svg.png', 'teamGroupName': None}",2023-10-05T22:12:25.923,True,"[{'resultID': 103231, 'resultName': 'Halbzeit', 'pointsTeam1': 1, 'pointsTeam2': 4, 'resultOrderID': 1, 'resultTypeID': 1, 'resultDescription': None}, {'resultID': 103230, 'resultName': 'Endergebnis', 'pointsTeam1': 1, 'pointsTeam2': 5, 'resultOrderID': 2, 'resultTypeID': 2, 'resultDescription': 'result after regular time'}]","[{'goalID': 102202, 'scoreTeam1': 0, 'scoreTeam2': 1, 'matchMinute': None, 'goalGetterID': 0, 'goalGetterName': '', 'isPenalty': False, 'isOwnGoal': False, 'isOvertime': False, 'comment': None}, {'goalID': 102203, 'scoreTeam1': 1, 'scoreTeam2': 1, 'matchMinute': None, 'goalGetterID': 0, 'goalGetterName': '', 'isPenalty': False, 'isOwnGoal': False, 'isOvertime': False, 'comment': None}, {'goalID': 102204, 'scoreTeam1': 1, 'scoreTeam2': 2, 'matchMinute': None, 'goalGetterID': 0, 'goalGetterName': '', 'isPenalty': False, 'isOwnGoal': False, 'isOvertime': False, 'comment': None}, {'goalID': 102205, 'scoreTeam1': 1, 'scoreTeam2': 3, 'matchMinute': None, 'goalGetterID': 0, 'goalGetterName': '', 'isPenalty': False, 'isOwnGoal': False, 'isOvertime': False, 'comment': None}, {'goalID': 102206, 'scoreTeam1': 1, 'scoreTeam2': 4, 'matchMinute': None, 'goalGetterID': 0, 'goalGetterName': '', 'isPenalty': False, 'isOwnGoal': False, 'isOvertime': False, 'comment': None}, {'goalID': 102207, 'scoreTeam1': 1, 'scoreTeam2': 5, 'matchMinute': None, 'goalGetterID': 0, 'goalGetterName': '', 'isPenalty': False, 'isOwnGoal': False, 'isOvertime': False, 'comment': None}]",,
67515,2023-08-05T10:00:00,W. Europe Standard Time,4640,FIFA Women´s World Cup 2023,2023,wwc,2023-08-05T08:00:00Z,"{'groupName': 'Round of 16', 'groupOrderID': 4, 'groupID': 42198}","{'teamId': 6050, 'teamName': 'Japan Frauen', 'shortName': 'JPN', 'teamIconUrl': 'http://upload.wikimedia.org/wikipedia/commons/thumb/9/9e/Flag_of_Japan.svg/20px-Flag_of_Japan.svg.png', 'teamGroupName': None}","{'teamId': 6032, 'teamName': 'Norwegen Frauen', 'shortName': 'NOR', 'teamIconUrl': 'https://upload.wikimedia.org/wikipedia/commons/d/d9/Flag_of_Norway.svg', 'teamGroupName': None}",2023-10-05T22:12:25.727,True,"[{'resultID': 103233, 'resultName': 'Halbzeit', 'pointsTeam1': 1, 'pointsTeam2': 1, 'resultOrderID': 1, 'resultTypeID': 1, 'resultDescription': None}, {'resultID': 103232, 'resultName': 'Endergebnis', 'pointsTeam1': 3, 'pointsTeam2': 1, 'resultOrderID': 2, 'resultTypeID': 2, 'resultDescription': 'result after regular time'}]","[{'goalID': 102208, 'scoreTeam1': 1, 'scoreTeam2': 0, 'matchMinute': None, 'goalGetterID': 0, 'goalGetterName': '', 'isPenalty': False, 'isOwnGoal': True, 'isOvertime': False, 'comment': None}, {'goalID': 102209, 'scoreTeam1': 1, 'scoreTeam2': 1, 'matchMinute': None, 'goalGetterID': 0, 'goalGetterName': '', 'isPenalty': False, 'isOwnGoal': False, 'isOvertime': False, 'comment': None}, {'goalID': 102210, 'scoreTeam1': 2, 'scoreTeam2': 1, 'matchMinute': None, 'goalGetterID': 0, 'goalGetterName': '', 'isPenalty': False, 'isOwnGoal': False, 'isOvertime': False, 'comment': None}, {'goalID': 102211, 'scoreTeam1': 3, 'scoreTeam2': 1, 'matchMinute': None, 'goalGetterID': 0, 'goalGetterName': '', 'isPenalty': False, 'isOwnGoal': False, 'isOvertime': False, 'comment': None}]",,
67516,2023-08-06T04:00:00,W. Europe Standard Time,4640,FIFA Women´s World Cup 2023,2023,wwc,2023-08-06T02:00:00Z,"{'groupName': 'Round of 16', 'groupOrderID': 4, 'groupID': 42198}","{'teamId': 6053, 'teamName': 'Niederlande Frauen', 'shortName': 'NED', 'teamIconUrl': 'http://upload.wikimedia.org/wikipedia/commons/thumb/2/20/Flag_of_the_Netherlands.svg/20px-Flag_of_the_Netherlands.svg.png', 'teamGroupName': None}","{'teamId': 6056, 'teamName': 'Südafrika Frauen', 'shortName': 'RSA', 'teamIconUrl': 'http://upload.wikimedia.org/wikipedia/commons/thumb/a/af/Flag_of_South_Africa.svg/20px-Flag_of_South_Africa.svg.png', 'teamGroupName': None}",2023-10-05T22:12:25.883,True,"[{'resultID': 103249, 'resultName': 'Halbzeit', 'pointsTeam1': 1, 'pointsTeam2': 0, 'resultOrderID': 1, 'resultTypeID': 1, 'resultDescription': None}, {'resultID': 103248, 'resultName': 'Endergebnis', 'pointsTeam1': 2, 'pointsTeam2': 0, 'resultOrderID': 2, 'resultTypeID': 2, 'resultDescription': 'result after regular time'}]","[{'goalID': 102230, 'scoreTeam1': 1, 'scoreTeam2': 0, 'matchMinute': None, 'goalGetterID': 0, 'goalGetterName': '', 'isPenalty': False, 'isOwnGoal': False, 'isOvertime': False, 'comment': None}, {'goalID': 102231, 'scoreTeam1': 2, 'scoreTeam2': 0, 'matchMinute': None, 'goalGetterID': 0, 'goalGetterName': '', 'isPenalty': False, 'isOwnGoal': False, 'isOvertime': False, 'comment': None}]",,
67517,2023-08-06T11:00:00,W. Europe Standard Time,4640,FIFA Women´s World Cup 2023,2023,wwc,2023-08-06T09:00:00Z,"{'groupName': 'Round of 16', 'groupOrderID': 4, 'groupID': 42198}","{'teamId': 6058, 'teamName': 'Schweden Frauen', 'shortName': 'SWE', 'teamIconUrl': 'http://upload.wikimedia.org/wikipedia/commons/thumb/4/4c/Flag_of_Sweden.svg/200px-Flag_of_Sweden.svg.png', 'teamGroupName': None}","{'teamId': 6059, 'teamName': 'USA Frauen', 'shortName': 'USA', 'teamIconUrl': 'http://upload.wikimedia.org/wikipedia/commons/thumb/a/a4/Flag_of_the_United_States.svg/20px-Flag_of_the_United_States.svg.png', 'teamGroupName': None}",2023-10-05T22:12:25.98,True,"[{'resultID': 103251, 'resultName': 'Halbzeit', 'pointsTeam1': 0, 'pointsTeam2': 0, 'resultOrderID': 1, 'resultTypeID': 1, 'resultDescription': None}, {'resultID': 103250, 'resultName': 'Endergebnis', 'pointsTeam1': 5, 'pointsTeam2': 4, 'resultOrderID': 2, 'resultTypeID': 2, 'resultDescription': 'result after regular time'}, {'resultID': 103260, 'resultName': 'nach Verlängerung', 'pointsTeam1': 0, 'pointsTeam2': 0, 'resultOrderID': 3, 'resultTypeID': 4, 'resultDescription': 'result after extension'}, {'resultID': 103261, 'resultName': 'nach Elfmeterschießen', 'pointsTeam1': 5, 'pointsTeam2': 4, 'resultOrderID': 4, 'resultTypeID': 5, 'resultDescription': 'penalties'}]","[{'goalID': 102263, 'scoreTeam1': 2, 'scoreTeam2': 3, 'matchMinute': None, 'goalGetterID': 0, 'goalGetterName': '', 'isPenalty': False, 'isOwnGoal': False, 'isOvertime': False, 'comment': None}, {'goalID': 102264, 'scoreTeam1': 3, 'scoreTeam2': 3, 'matchMinute': None, 'goalGetterID': 0, 'goalGetterName': '', 'isPenalty': False, 'isOwnGoal': False, 'isOvertime': False, 'comment': None}, {'goalID': 102265, 'scoreTeam1': 4, 'scoreTeam2': 3, 'matchMinute': None, 'goalGetterID': 0, 'goalGetterName': '', 'isPenalty': False, 'isOwnGoal': False, 'isOvertime': False, 'comment': None}, {'goalID': 102266, 'scoreTeam1': 5, 'scoreTeam2': 3, 'matchMinute': None, 'goalGetterID': 0, 'goalGetterName': '', 'isPenalty': False, 'isOwnGoal': False, 'isOvertime': False, 'comment': None}, {'goalID': 102267, 'scoreTeam1': 5, 'scoreTeam2': 4, 'matchMinute': None, 'goalGetterID': 0, 'goalGetterName': '', 'isPenalty': False, 'isOwnGoal': False, 'isOvertime': False, 'comment': None}, {'goalID': 102249, 'scoreTeam1': 0, 'scoreTeam2': 0, 'matchMinute': None, 'goalGetterID': 0, 'goalGetterName': '', 'isPenalty': False, 'isOwnGoal': False, 'isOvertime': False, 'comment': None}, {'goalID': 102260, 'scoreTeam1': 1, 'scoreTeam2': 1, 'matchMinute': None, 'goalGetterID': 0, 'goalGetterName': '', 'isPenalty': False, 'isOwnGoal': False, 'isOvertime': False, 'comment': None}, {'goalID': 102261, 'scoreTeam1': 1, 'scoreTeam2': 2, 'matchMinute': None, 'goalGetterID': 0, 'goalGetterName': '', 'isPenalty': False, 'isOwnGoal': False, 'isOvertime': False, 'comment': None}, {'goalID': 102262, 'scoreTeam1': 1, 'scoreTeam2': 3, 'matchMinute': None, 'goalGetterID': 0, 'goalGetterName': '', 'isPenalty': False, 'isOwnGoal': False, 'isOvertime': False, 'comment': None}]",,
67512,2023-08-07T09:30:00,W. Europe Standard Time,4640,FIFA Women´s World Cup 2023,2023,wwc,2023-08-07T07:30:00Z,"{'groupName': 'Round of 16', 'groupOrderID': 4, 'groupID': 42198}","{'teamId': 6045, 'teamName': 'England Frauen', 'shortName': 'ENG', 'teamIconUrl': 'https://img.uefa.com/imgml/flags/50x50/ENG.png', 'teamGroupName': None}","{'teamId': 6037, 'teamName': 'Nigeria Frauen', 'shortName': 'NIG', 'teamIconUrl': 'http://upload.wikimedia.org/wikipedia/commons/thumb/7/79/Flag_of_Nigeria.svg/20px-Flag_of_Nigeria.svg.png', 'teamGroupName': None}",2023-10-05T22:12:25.607,True,"[{'resultID': 103271, 'resultName': 'Halbzeit', 'pointsTeam1': 0, 'pointsTeam2': 0, 'resultOrderID': 1, 'resultTypeID': 1, 'resultDescription': None}, {'resultID': 103270, 'resultName': 'Endergebnis', 'pointsTeam1': 4, 'pointsTeam2': 2, 'resultOrderID': 2, 'resultTypeID': 2, 'resultDescription': 'result after regular time'}, {'resultID': 103273, 'resultName': 'nach Verlängerung', 'pointsTeam1': 0, 'pointsTeam2': 0, 'resultOrderID': 3, 'resultTypeID': 4, 'resultDescription': 'result after extension'}, {'resultID': 103272, 'resultName': 'nach Elfmeterschießen', 'pointsTeam1': 4, 'pointsTeam2': 2, 'resultOrderID': 4, 'resultTypeID': 5, 'resultDescription': 'penalties'}]","[{'goalID': 102270, 'scoreTeam1': 0, 'scoreTeam2': 0, 'matchMinute': None, 'goalGetterID': 0, 'goalGetterName': '', 'isPenalty': False, 'isOwnGoal': False, 'isOvertime': False, 'comment': None}, {'goalID': 102287, 'scoreTeam1': 4, 'scoreTeam2': 2, 'matchMinute': None, 'goalGetterID': 0, 'goalGetterName': '', 'isPenalty': False, 'isOwnGoal': True, 'isOvertime': False, 'comment': None}]",,
67513,2023-08-07T12:30:00,W. Europe Standard Time,4640,FIFA Women´s World Cup 2023,2023,wwc,2023-08-07T10:30:00Z,"{'groupName': 'Round of 16', 'groupOrderID': 4, 'groupID': 42198}","{'teamId': 6035, 'teamName': 'Australien Frauen', 'shortName': 'AUS', 'teamIconUrl': 'http://upload.wikimedia.org/wikipedia/commons/thumb/b/b9/Flag_of_Australia.svg/20px-Flag_of_Australia.svg.png', 'teamGroupName': None}","{'teamId': 6044, 'teamName': 'Dänemark Frauen', 'shortName': 'DNK', 'teamIconUrl': 'https://upload.wikimedia.org/wikipedia/commons/thumb/9/9c/Flag_of_Denmark.svg/20px-Flag_of_Denmark.svg.png', 'teamGroupName': None}",2023-10-05T22:12:25.587,True,"[{'resultID': 103275, 'resultName': 'Halbzeit', 'pointsTeam1': 1, 'pointsTeam2': 0, 'resultOrderID': 1, 'resultTypeID': 1, 'resultDescription': None}, {'resultID': 103274, 'resultName': 'Endergebnis', 'pointsTeam1': 2, 'pointsTeam2': 0, 'resultOrderID': 2, 'resultTypeID': 2, 'resultDescription': 'result after regular time'}]","[{'goalID': 102277, 'scoreTeam1': 1, 'scoreTeam2': 0, 'matchMinute': None, 'goalGetterID': 0, 'goalGetterName': '', 'isPenalty': False, 'isOwnGoal': False, 'isOvertime': False, 'comment': None}, {'goalID': 102278, 'scoreTeam1': 2, 'scoreTeam2': 0, 'matchMinute': None, 'goalGetterID': 0, 'goalGetterName': '', 'isPenalty': False, 'isOwnGoal': False, 'isOvertime': False, 'comment': None}]",,
67518,2023-08-08T10:00:00,W. Europe Standard Time,4640,FIFA Women´s World Cup 2023,2023,wwc,2023-08-08T08:00:00Z,"{'groupName': 'Round of 16', 'groupOrderID': 4, 'groupID': 42198}","{'teamId': 6042, 'teamName': 'Kolumbien Frauen', 'shortName': 'COL', 'teamIconUrl': 'http://upload.wikimedia.org/wikipedia/commons/thumb/2/21/Flag_of_Colombia.svg/20px-Flag_of_Colombia.svg.png', 'teamGroupName': None}","{'teamId': 6049, 'teamName': 'Jamaika Frauen', 'shortName': 'JAM', 'teamIconUrl': 'https://api.fifa.com/api/v3/picture/flags-sq-4/JAM', 'teamGroupName': None}",2023-10-05T22:12:25.71,True,"[{'resultID': 103297, 'resultName': 'Halbzeit', 'pointsTeam1': 0, 'pointsTeam2': 0, 'resultOrderID': 1, 'resultTypeID': 1, 'resultDescription': None}, {'resultID': 103296, 'resultName': 'Endergebnis', 'pointsTeam1': 1, 'pointsTeam2': 0, 'resultOrderID': 2, 'resultTypeID': 2, 'resultDescription': 'result after regular time'}]","[{'goalID': 102305, 'scoreTeam1': 1, 'scoreTeam2': 0, 'matchMinute': None, 'goalGetterID': 0, 'goalGetterName': '', 'isPenalty': False, 'isOwnGoal': False, 'isOvertime': False, 'comment': None}]",,
67519,2023-08-08T13:00:00,W. Europe Standard Time,4640,FIFA Women´s World Cup 2023,2023,wwc,2023-08-08T11:00:00Z,"{'groupName': 'Round of 16', 'groupOrderID': 4, 'groupID': 42198}","{'teamId': 6046, 'teamName': 'Frankreich Frauen', 'shortName': 'FRA', 'teamIconUrl': 'http://upload.wikimedia.org/wikipedia/commons/thumb/c/c3/Flag_of_France.svg/20px-Flag_of_France.svg.png', 'teamGroupName': None}","{'teamId': 6052, 'teamName': 'Marokko Frauen', 'shortName': 'MAR', 'teamIconUrl': 'https://upload.wikimedia.org/wikipedia/commons/thumb/2/2c/Flag_of_Morocco.svg/20px-Flag_of_Morocco.svg.png', 'teamGroupName': None}",2023-10-05T22:12:25.78,True,"[{'resultID': 103299, 'resultName': 'Halbzeit', 'pointsTeam1': 3, 'pointsTeam2': 0, 'resultOrderID': 1, 'resultTypeID': 1, 'resultDescription': None}, {'resultID': 103298, 'resultName': 'Endergebnis', 'pointsTeam1': 4, 'pointsTeam2': 0, 'resultOrderID': 2, 'resultTypeID': 2, 'resultDescription': 'result after regular time'}]","[{'goalID': 102306, 'scoreTeam1': 1, 'scoreTeam2': 0, 'matchMinute': None, 'goalGetterID': 0, 'goalGetterName': '', 'isPenalty': False, 'isOwnGoal': False, 'isOvertime': False, 'comment': None}, {'goalID': 102307, 'scoreTeam1': 2, 'scoreTeam2': 0, 'matchMinute': None, 'goalGetterID': 0, 'goalGetterName': '', 'isPenalty': False, 'isOwnGoal': False, 'isOvertime': False, 'comment': None}, {'goalID': 102308, 'scoreTeam1': 3, 'scoreTeam2': 0, 'matchMinute': None, 'goalGetterID': 0, 'goalGetterName': '', 'isPenalty': False, 'isOwnGoal': False, 'isOvertime': False, 'comment': None}, {'goalID': 102309, 'scoreTeam1': 4, 'scoreTeam2': 0, 'matchMinute': None, 'goalGetterID': 0, 'goalGetterName': '', 'isPenalty': False, 'isOwnGoal': False, 'isOvertime': False, 'comment': None}]",,
67520,2023-08-11T03:00:00,W. Europe Standard Time,4640,FIFA Women´s World Cup 2023,2023,wwc,2023-08-11T01:00:00Z,"{'groupName': 'Quarterfinals', 'groupOrderID': 5, 'groupID': 42199}","{'teamId': 6057, 'teamName': 'Spanien Frauen', 'shortName': 'ESP', 'teamIconUrl': 'https://upload.wikimedia.org/wikipedia/commons/thumb/9/9a/Flag_of_Spain.svg/20px-Flag_of_Spain.svg.png', 'teamGroupName': None}","{'teamId': 6053, 'teamName': 'Niederlande Frauen', 'shortName': 'NED', 'teamIconUrl': 'http://upload.wikimedia.org/wikipedia/commons/thumb/2/20/Flag_of_the_Netherlands.svg/20px-Flag_of_the_Netherlands.svg.png', 'teamGroupName': None}",2023-10-05T22:12:25.9,True,"[{'resultID': 103325, 'resultName': 'Halbzeit', 'pointsTeam1': 0, 'pointsTeam2': 0, 'resultOrderID': 1, 'resultTypeID': 1, 'resultDescription': None}, {'resultID': 103324, 'resultName': 'Endergebnis', 'pointsTeam1': 2, 'pointsTeam2': 1, 'resultOrderID': 2, 'resultTypeID': 2, 'resultDescription': 'result after regular time'}, {'resultID': 103326, 'resultName': 'nach Verlängerung', 'pointsTeam1': 2, 'pointsTeam2': 1, 'resultOrderID': 3, 'resultTypeID': 4, 'resultDescription': 'result after extension'}]","[{'goalID': 102350, 'scoreTeam1': 1, 'scoreTeam2': 0, 'matchMinute': None, 'goalGetterID': 0, 'goalGetterName': '', 'isPenalty': False, 'isOwnGoal': False, 'isOvertime': False, 'comment': None}, {'goalID': 102351, 'scoreTeam1': 1, 'scoreTeam2': 1, 'matchMinute': None, 'goalGetterID': 0, 'goalGetterName': '', 'isPenalty': False, 'isOwnGoal': False, 'isOvertime': False, 'comment': None}, {'goalID': 102352, 'scoreTeam1': 2, 'scoreTeam2': 1, 'matchMinute': None, 'goalGetterID': 0, 'goalGetterName': '', 'isPenalty': False, 'isOwnGoal': False, 'isOvertime': False, 'comment': None}]",,
67521,2023-08-11T09:30:00,W. Europe Standard Time,4640,FIFA Women´s World Cup 2023,2023,wwc,2023-08-11T07:30:00Z,"{'groupName': 'Quarterfinals', 'groupOrderID': 5, 'groupID': 42199}","{'teamId': 6050, 'teamName': 'Japan Frauen', 'shortName': 'JPN', 'teamIconUrl': 'http://upload.wikimedia.org/wikipedia/commons/thumb/9/9e/Flag_of_Japan.svg/20px-Flag_of_Japan.svg.png', 'teamGroupName': None}","{'teamId': 6058, 'teamName': 'Schweden Frauen', 'shortName': 'SWE', 'teamIconUrl': 'http://upload.wikimedia.org/wikipedia/commons/thumb/4/4c/Flag_of_Sweden.svg/200px-Flag_of_Sweden.svg.png', 'teamGroupName': None}",2023-10-05T22:12:25.95,True,"[{'resultID': 103328, 'resultName': 'Halbzeit', 'pointsTeam1': 0, 'pointsTeam2': 1, 'resultOrderID': 1, 'resultTypeID': 1, 'resultDescription': None}, {'resultID': 103327, 'resultName': 'Endergebnis', 'pointsTeam1': 1, 'pointsTeam2': 2, 'resultOrderID': 2, 'resultTypeID': 2, 'resultDescription': 'result after regular time'}]","[{'goalID': 102355, 'scoreTeam1': 1, 'scoreTeam2': 2, 'matchMinute': None, 'goalGetterID': 0, 'goalGetterName': '', 'isPenalty': False, 'isOwnGoal': False, 'isOvertime': False, 'comment': None}, {'goalID': 102353, 'scoreTeam1': 0, 'scoreTeam2': 1, 'matchMinute': None, 'goalGetterID': 0, 'goalGetterName': '', 'isPenalty': False, 'isOwnGoal': False, 'isOvertime': False, 'comment': None}, {'goalID': 102354, 'scoreTeam1': 0, 'scoreTeam2': 2, 'matchMinute': None, 'goalGetterID': 0, 'goalGetterName': '', 'isPenalty': False, 'isOwnGoal': False, 'isOvertime': False, 'comment': None}]",,
67522,2023-08-12T09:00:00,W. Europe Standard Time,4640,FIFA Women´s World Cup 2023,2023,wwc,2023-08-12T07:00:00Z,"{'groupName': 'Quarterfinals', 'groupOrderID': 5, 'groupID': 42199}","{'teamId': 6035, 'teamName': 'Australien Frauen', 'shortName': 'AUS', 'teamIconUrl': 'http://upload.wikimedia.org/wikipedia/commons/thumb/b/b9/Flag_of_Australia.svg/20px-Flag_of_Australia.svg.png', 'teamGroupName': None}","{'teamId': 6046, 'teamName': 'Frankreich Frauen', 'shortName': 'FRA', 'teamIconUrl': 'http://upload.wikimedia.org/wikipedia/commons/thumb/c/c3/Flag_of_France.svg/20px-Flag_of_France.svg.png', 'teamGroupName': None}",2023-10-05T22:12:25.643,True,"[{'resultID': 103345, 'resultName': 'Halbzeit', 'pointsTeam1': 0, 'pointsTeam2': 0, 'resultOrderID': 1, 'resultTypeID': 1, 'resultDescription': None}, {'resultID': 103344, 'resultName': 'Endergebnis', 'pointsTeam1': 7, 'pointsTeam2': 6, 'resultOrderID': 2, 'resultTypeID': 2, 'resultDescription': 'result after regular time'}, {'resultID': 103348, 'resultName': 'nach Elfmeterschießen', 'pointsTeam1': 7, 'pointsTeam2': 6, 'resultOrderID': 4, 'resultTypeID': 5, 'resultDescription': 'penalties'}]","[{'goalID': 102396, 'scoreTeam1': 5, 'scoreTeam2': 6, 'matchMinute': None, 'goalGetterID': 0, 'goalGetterName': '', 'isPenalty': False, 'isOwnGoal': False, 'isOvertime': False, 'comment': None}, {'goalID': 102397, 'scoreTeam1': 6, 'scoreTeam2': 6, 'matchMinute': None, 'goalGetterID': 0, 'goalGetterName': '', 'isPenalty': False, 'isOwnGoal': False, 'isOvertime': False, 'comment': None}, {'goalID': 102398, 'scoreTeam1': 7, 'scoreTeam2': 6, 'matchMinute': None, 'goalGetterID': 0, 'goalGetterName': '', 'isPenalty': False, 'isOwnGoal': False, 'isOvertime': False, 'comment': None}, {'goalID': 102390, 'scoreTeam1': 2, 'scoreTeam2': 3, 'matchMinute': None, 'goalGetterID': 0, 'goalGetterName': '', 'isPenalty': False, 'isOwnGoal': False, 'isOvertime': False, 'comment': None}, {'goalID': 102391, 'scoreTeam1': 3, 'scoreTeam2': 3, 'matchMinute': None, 'goalGetterID': 0, 'goalGetterName': '', 'isPenalty': False, 'isOwnGoal': False, 'isOvertime': False, 'comment': None}, {'goalID': 102392, 'scoreTeam1': 3, 'scoreTeam2': 4, 'matchMinute': None, 'goalGetterID': 0, 'goalGetterName': '', 'isPenalty': False, 'isOwnGoal': False, 'isOvertime': False, 'comment': None}, {'goalID': 102393, 'scoreTeam1': 4, 'scoreTeam2': 4, 'matchMinute': None, 'goalGetterID': 0, 'goalGetterName': '', 'isPenalty': False, 'isOwnGoal': False, 'isOvertime': False, 'comment': None}, {'goalID': 102394, 'scoreTeam1': 4, 'scoreTeam2': 5, 'matchMinute': None, 'goalGetterID': 0, 'goalGetterName': '', 'isPenalty': False, 'isOwnGoal': False, 'isOvertime': False, 'comment': None}, {'goalID': 102395, 'scoreTeam1': 5, 'scoreTeam2': 5, 'matchMinute': None, 'goalGetterID': 0, 'goalGetterName': '', 'isPenalty': False, 'isOwnGoal': False, 'isOvertime': False, 'comment': None}, {'goalID': 102386, 'scoreTeam1': 1, 'scoreTeam2': 0, 'matchMinute': None, 'goalGetterID': 20151, 'goalGetterName': '', 'isPenalty': True, 'isOwnGoal': False, 'isOvertime': False, 'comment': None}, {'goalID': 102387, 'scoreTeam1': 1, 'scoreTeam2': 1, 'matchMinute': None, 'goalGetterID': 0, 'goalGetterName': '', 'isPenalty': True, 'isOwnGoal': False, 'isOvertime': False, 'comment': None}, {'goalID': 102388, 'scoreTeam1': 1, 'scoreTeam2': 2, 'matchMinute': None, 'goalGetterID': 0, 'goalGetterName': '', 'isPenalty': True, 'isOwnGoal': False, 'isOvertime': False, 'comment': None}, {'goalID': 102389, 'scoreTeam1': 2, 'scoreTeam2': 2, 'matchMinute': None, 'goalGetterID': 0, 'goalGetterName': '', 'isPenalty': False, 'isOwnGoal': False, 'isOvertime': False, 'comment': None}]",,
67523,2023-08-12T12:30:00,W. Europe Standard Time,4640,FIFA Women´s World Cup 2023,2023,wwc,2023-08-12T10:30:00Z,"{'groupName': 'Quarterfinals', 'groupOrderID': 5, 'groupID': 42199}","{'teamId': 6045, 'teamName': 'England Frauen', 'shortName': 'ENG', 'teamIconUrl': 'https://img.uefa.com/imgml/flags/50x50/ENG.png', 'teamGroupName': None}","{'teamId': 6042, 'teamName': 'Kolumbien Frauen', 'shortName': 'COL', 'teamIconUrl': 'http://upload.wikimedia.org/wikipedia/commons/thumb/2/21/Flag_of_Colombia.svg/20px-Flag_of_Colombia.svg.png', 'teamGroupName': None}",2023-10-05T22:12:25.61,True,"[{'resultID': 103347, 'resultName': 'Halbzeit', 'pointsTeam1': 1, 'pointsTeam2': 1, 'resultOrderID': 1, 'resultTypeID': 1, 'resultDescription': None}, {'resultID': 103346, 'resultName': 'Endergebnis', 'pointsTeam1': 2, 'pointsTeam2': 1, 'resultOrderID': 2, 'resultTypeID': 2, 'resultDescription': 'result after regular time'}]","[{'goalID': 102399, 'scoreTeam1': 0, 'scoreTeam2': 1, 'matchMinute': 44, 'goalGetterID': 20152, 'goalGetterName': '', 'isPenalty': False, 'isOwnGoal': False, 'isOvertime': False, 'comment': None}, {'goalID': 102400, 'scoreTeam1': 1, 'scoreTeam2': 1, 'matchMinute': 45, 'goalGetterID': 20153, 'goalGetterName': '', 'isPenalty': False, 'isOwnGoal': False, 'isOvertime': True, 'comment': None}, {'goalID': 102401, 'scoreTeam1': 2, 'scoreTeam2': 1, 'matchMinute': 63, 'goalGetterID': 20155, 'goalGetterName': '', 'isPenalty': False, 'isOwnGoal': False, 'isOvertime': False, 'comment': None}]",,
67751,2023-08-15T10:00:00,W. Europe Standard Time,4640,FIFA Women´s World Cup 2023,2023,wwc,2023-08-15T08:00:00Z,"{'groupName': 'Semifinals', 'groupOrderID': 6, 'groupID': 42200}","{'teamId': 6057, 'teamName': 'Spanien Frauen', 'shortName': 'ESP', 'teamIconUrl': 'https://upload.wikimedia.org/wikipedia/commons/thumb/9/9a/Flag_of_Spain.svg/20px-Flag_of_Spain.svg.png', 'teamGroupName': None}","{'teamId': 6058, 'teamName': 'Schweden Frauen', 'shortName': 'SWE', 'teamIconUrl': 'http://upload.wikimedia.org/wikipedia/commons/thumb/4/4c/Flag_of_Sweden.svg/200px-Flag_of_Sweden.svg.png', 'teamGroupName': None}",2023-10-05T22:12:25.953,True,"[{'resultID': 103445, 'resultName': 'Halbzeit', 'pointsTeam1': 0, 'pointsTeam2': 0, 'resultOrderID': 1, 'resultTypeID': 1, 'resultDescription': None}, {'resultID': 103444, 'resultName': 'Endergebnis', 'pointsTeam1': 2, 'pointsTeam2': 1, 'resultOrderID': 2, 'resultTypeID': 2, 'resultDescription': 'result after regular time'}]","[{'goalID': 102567, 'scoreTeam1': 1, 'scoreTeam2': 1, 'matchMinute': 88, 'goalGetterID': 0, 'goalGetterName': '', 'isPenalty': False, 'isOwnGoal': False, 'isOvertime': False, 'comment': None}, {'goalID': 102569, 'scoreTeam1': 2, 'scoreTeam2': 1, 'matchMinute': 89, 'goalGetterID': 0, 'goalGetterName': '', 'isPenalty': False, 'isOwnGoal': False, 'isOvertime': False, 'comment': None}, {'goalID': 102564, 'scoreTeam1': 1, 'scoreTeam2': 0, 'matchMinute': 81, 'goalGetterID': 0, 'goalGetterName': '', 'isPenalty': False, 'isOwnGoal': False, 'isOvertime': False, 'comment': None}]",,
67752,2023-08-16T12:00:00,W. Europe Standard Time,4640,FIFA Women´s World Cup 2023,2023,wwc,2023-08-16T10:00:00Z,"{'groupName': 'Semifinals', 'groupOrderID': 6, 'groupID': 42200}","{'teamId': 6035, 'teamName': 'Australien Frauen', 'shortName': 'AUS', 'teamIconUrl': 'http://upload.wikimedia.org/wikipedia/commons/thumb/b/b9/Flag_of_Australia.svg/20px-Flag_of_Australia.svg.png', 'teamGroupName': None}","{'teamId': 6045, 'teamName': 'England Frauen', 'shortName': 'ENG', 'teamIconUrl': 'https://img.uefa.com/imgml/flags/50x50/ENG.png', 'teamGroupName': None}",2023-10-05T22:12:25.617,True,"[{'resultID': 103452, 'resultName': 'Halbzeit', 'pointsTeam1': 0, 'pointsTeam2': 1, 'resultOrderID': 1, 'resultTypeID': 1, 'resultDescription': None}, {'resultID': 103451, 'resultName': 'Endergebnis', 'pointsTeam1': 1, 'pointsTeam2': 3, 'resultOrderID': 2, 'resultTypeID': 2, 'resultDescription': 'result after regular time'}]","[{'goalID': 102598, 'scoreTeam1': 1, 'scoreTeam2': 3, 'matchMinute': None, 'goalGetterID': 0, 'goalGetterName': '', 'isPenalty': False, 'isOwnGoal': False, 'isOvertime': False, 'comment': None}, {'goalID': 102581, 'scoreTeam1': 0, 'scoreTeam2': 1, 'matchMinute': None, 'goalGetterID': 0, 'goalGetterName': '', 'isPenalty': False, 'isOwnGoal': False, 'isOvertime': False, 'comment': None}, {'goalID': 102596, 'scoreTeam1': 1, 'scoreTeam2': 1, 'matchMinute': None, 'goalGetterID': 0, 'goalGetterName': '', 'isPenalty': False, 'isOwnGoal': False, 'isOvertime': False, 'comment': None}, {'goalID': 102597, 'scoreTeam1': 1, 'scoreTeam2': 2, 'matchMinute': None, 'goalGetterID': 0, 'goalGetterName': '', 'isPenalty': False, 'isOwnGoal': False, 'isOvertime': False, 'comment': None}]",,
67757,2023-08-19T10:00:00,W. Europe Standard Time,4640,FIFA Women´s World Cup 2023,2023,wwc,2023-08-19T08:00:00Z,"{'groupName': 'Final', 'groupOrderID': 7, 'groupID': 42201}","{'teamId': 6058, 'teamName': 'Schweden Frauen', 'shortName': 'SWE', 'teamIconUrl': 'http://upload.wikimedia.org/wikipedia/commons/thumb/4/4c/Flag_of_Sweden.svg/200px-Flag_of_Sweden.svg.png', 'teamGroupName': None}","{'teamId': 6035, 'teamName': 'Australien Frauen', 'shortName': 'AUS', 'teamIconUrl': 'http://upload.wikimedia.org/wikipedia/commons/thumb/b/b9/Flag_of_Australia.svg/20px-Flag_of_Australia.svg.png', 'teamGroupName': None}",2023-10-05T22:12:25.943,True,"[{'resultID': 103485, 'resultName': 'Halbzeit', 'pointsTeam1': 1, 'pointsTeam2': 0, 'resultOrderID': 1, 'resultTypeID': 1, 'resultDescription': None}, {'resultID': 103484, 'resultName': 'Endergebnis', 'pointsTeam1': 2, 'pointsTeam2': 0, 'resultOrderID': 2, 'resultTypeID': 2, 'resultDescription': 'result after regular time'}]","[{'goalID': 102643, 'scoreTeam1': 2, 'scoreTeam2': 0, 'matchMinute': None, 'goalGetterID': 0, 'goalGetterName': '', 'isPenalty': False, 'isOwnGoal': False, 'isOvertime': False, 'comment': None}, {'goalID': 102642, 'scoreTeam1': 1, 'scoreTeam2': 0, 'matchMinute': None, 'goalGetterID': 0, 'goalGetterName': '', 'isPenalty': True, 'isOwnGoal': False, 'isOvertime': False, 'comment': None}]",,
67758,2023-08-20T12:00:00,W. Europe Standard Time,4640,FIFA Women´s World Cup 2023,2023,wwc,2023-08-20T10:00:00Z,"{'groupName': 'Final', 'groupOrderID': 7, 'groupID': 42201}","{'teamId': 6057, 'teamName': 'Spanien Frauen', 'shortName': 'ESP', 'teamIconUrl': 'https://upload.wikimedia.org/wikipedia/commons/thumb/9/9a/Flag_of_Spain.svg/20px-Flag_of_Spain.svg.png', 'teamGroupName': None}","{'teamId': 6045, 'teamName': 'England Frauen', 'shortName': 'ENG', 'teamIconUrl': 'https://img.uefa.com/imgml/flags/50x50/ENG.png', 'teamGroupName': None}",2023-10-05T22:12:25.91,True,"[{'resultID': 103525, 'resultName': 'Halbzeit', 'pointsTeam1': 0, 'pointsTeam2': 0, 'resultOrderID': 1, 'resultTypeID': 1, 'resultDescription': None}, {'resultID': 103524, 'resultName': 'Endergebnis', 'pointsTeam1': 1, 'pointsTeam2': 0, 'resultOrderID': 2, 'resultTypeID': 2, 'resultDescription': 'result after regular time'}]","[{'goalID': 102707, 'scoreTeam1': 1, 'scoreTeam2': 0, 'matchMinute': None, 'goalGetterID': 0, 'goalGetterName': '', 'isPenalty': False, 'isOwnGoal': False, 'isOvertime': False, 'comment': None}]",,
